Workbook

Sheet alle Dateien
A1: Pfad | B1: Bohrung | C1: Dateiname | D1: Dateityp
A2: P:\I2535F001_KI-Explore\Bohrprotokolle_Schichtenverzeichnisse\Allmenhausen_10_1960 | B2: Allmenhausen_10_1960 | C2: 1960-2850.pdf | D2: =IF(ISNUMBER(SEARCH(".pdf",C2)),"pdf",IF(ISNUMBER(SEARCH(".tif",C2)),"tif",IF(ISNUMBER(SEARCH(".las",C2)),"las",IF(ISNUMBER(SEARCH(".sdg",C2)),"sdg",IF(ISNUMBER(SEARCH(".xlsx",C2)),"xlsx",IF(ISNUMBER(SEARCH(".docx",C2)),"docx",IF(ISNUMBER(SEARCH(".rhistory",C2)),"rhistory",IF(ISNUMBER(SEARCH(".db",C2)),"db",IF(ISNUMBER(SEARCH(".jpg",C2)),"jpg",IF(ISNUMBER(SEARCH(".png",C2)),"png",IF(ISNUMBER(SEARCH(".mdb",C2)),"mdb",IF(ISNUMBER(SEARCH(".xml",C2)),"xml",IF(ISNUMBER(SEARCH(".xls",C2)),"xls",IF(ISNUMBER(SEARCH(".txt",C2)),"txt",IF(ISNUMBER(SEARCH(".tsf",C2)),"tsf",IF(ISNUMBER(SEARCH(".sch",C2)),"sch","ZIP oder R")))))))))))))))) -> pdf
A3: P:\I2535F001_KI-Explore\Bohrprotokolle_Schichtenverzeichnisse\Allmenhausen_10_1960 | B3: Allmenhausen_10_1960 | C3: 617195_E_Allmenhausen_10_1961_Bohrjournal.pdf | D3: =IF(ISNUMBER(SEARCH(".pdf",C3)),"pdf",IF(ISNUMBER(SEARCH(".tif",C3)),"tif",IF(ISNUMBER(SEARCH(".las",C3)),"las",IF(ISNUMBER(SEARCH(".sdg",C3)),"sdg",IF(ISNUMBER(SEARCH(".xlsx",C3)),"xlsx",IF(ISNUMBER(SEARCH(".docx",C3)),"docx",IF(ISNUMBER(SEARCH(".rhistory",C3)),"rhistory",IF(ISNUMBER(SEARCH(".db",C3)),"db",IF(ISNUMBER(SEARCH(".jpg",C3)),"jpg",IF(ISNUMBER(SEARCH(".png",C3)),"png",IF(ISNUMBER(SEARCH(".mdb",C3)),"mdb",IF(ISNUMBER(SEARCH(".xml",C3)),"xml",IF(ISNUMBER(SEARCH(".xls",C3)),"xls",IF(ISNUMBER(SEARCH(".txt",C3)),"txt",IF(ISNUMBER(SEARCH(".tsf",C3)),"tsf",IF(ISNUMBER(SEARCH(".sch",C3)),"sch","ZIP oder R")))))))))))))))) -> pdf
A4: P:\I2535F001_KI-Explore\Bohrprotokolle_Schichtenverzeichnisse\Allmenhausen_10_1960 | B4: Allmenhausen_10_1960 | C4: 617195_E_Allmenhausen_10_1961_Geophysik_01.TIF | D4: =IF(ISNUMBER(SEARCH(".pdf",C4)),"pdf",IF(ISNUMBER(SEARCH(".tif",C4)),"tif",IF(ISNUMBER(SEARCH(".las",C4)),"las",IF(ISNUMBER(SEARCH(".sdg",C4)),"sdg",IF(ISNUMBER(SEARCH(".xlsx",C4)),"xlsx",IF(ISNUMBER(SEARCH(".docx",C4)),"docx",IF(ISNUMBER(SEARCH(".rhistory",C4)),"rhistory",IF(ISNUMBER(SEARCH(".db",C4)),"db",IF(ISNUMBER(SEARCH(".jpg",C4)),"jpg",IF(ISNUMBER(SEARCH(".png",C4)),"png",IF(ISNUMBER(SEARCH(".mdb",C4)),"mdb",IF(ISNUMBER(SEARCH(".xml",C4)),"xml",IF(ISNUMBER(SEARCH(".xls",C4)),"xls",IF(ISNUMBER(SEARCH(".txt",C4)),"txt",IF(ISNUMBER(SEARCH(".tsf",C4)),"tsf",IF(ISNUMBER(SEARCH(".sch",C4)),"sch","ZIP oder R")))))))))))))))) -> tif
A5: P:\I2535F001_KI-Explore\Bohrprotokolle_Schichtenverzeichnisse\Allmenhausen_10_1960 | B5: Allmenhausen_10_1960 | C5: 617195_E_Allmenhausen_10_1961_Geophysik_02.TIF | D5: =IF(ISNUMBER(SEARCH(".pdf",C5)),"pdf",IF(ISNUMBER(SEARCH(".tif",C5)),"tif",IF(ISNUMBER(SEARCH(".las",C5)),"las",IF(ISNUMBER(SEARCH(".sdg",C5)),"sdg",IF(ISNUMBER(SEARCH(".xlsx",C5)),"xlsx",IF(ISNUMBER(SEARCH(".docx",C5)),"docx",IF(ISNUMBER(SEARCH(".rhistory",C5)),"rhistory",IF(ISNUMBER(SEARCH(".db",C5)),"db",IF(ISNUMBER(SEARCH(".jpg",C5)),"jpg",IF(ISNUMBER(SEARCH(".png",C5)),"png",IF(ISNUMBER(SEARCH(".mdb",C5)),"mdb",IF(ISNUMBER(SEARCH(".xml",C5)),"xml",IF(ISNUMBER(SEARCH(".xls",C5)),"xls",IF(ISNUMBER(SEARCH(".txt",C5)),"txt",IF(ISNUMBER(SEARCH(".tsf",C5)),"tsf",IF(ISNUMBER(SEARCH(".sch",C5)),"sch","ZIP oder R")))))))))))))))) -> tif
A6: P:\I2535F001_KI-Explore\Bohrprotokolle_Schichtenverzeichnisse\Allmenhausen_10_1960 | B6: Allmenhausen_10_1960 | C6: 617195_E_Allmenhausen_10_1961_Geophysik_03.TIF | D6: =IF(ISNUMBER(SEARCH(".pdf",C6)),"pdf",IF(ISNUMBER(SEARCH(".tif",C6)),"tif",IF(ISNUMBER(SEARCH(".las",C6)),"las",IF(ISNUMBER(SEARCH(".sdg",C6)),"sdg",IF(ISNUMBER(SEARCH(".xlsx",C6)),"xlsx",IF(ISNUMBER(SEARCH(".docx",C6)),"docx",IF(ISNUMBER(SEARCH(".rhistory",C6)),"rhistory",IF(ISNUMBER(SEARCH(".db",C6)),"db",IF(ISNUMBER(SEARCH(".jpg",C6)),"jpg",IF(ISNUMBER(SEARCH(".png",C6)),"png",IF(ISNUMBER(SEARCH(".mdb",C6)),"mdb",IF(ISNUMBER(SEARCH(".xml",C6)),"xml",IF(ISNUMBER(SEARCH(".xls",C6)),"xls",IF(ISNUMBER(SEARCH(".txt",C6)),"txt",IF(ISNUMBER(SEARCH(".tsf",C6)),"tsf",IF(ISNUMBER(SEARCH(".sch",C6)),"sch","ZIP oder R")))))))))))))))) -> tif
A7: P:\I2535F001_KI-Explore\Bohrprotokolle_Schichtenverzeichnisse\Allmenhausen_10_1960 | B7: Allmenhausen_10_1960 | C7: 617195_E_Allmenhausen_10_1961_Geophysik_04.TIF | D7: =IF(ISNUMBER(SEARCH(".pdf",C7)),"pdf",IF(ISNUMBER(SEARCH(".tif",C7)),"tif",IF(ISNUMBER(SEARCH(".las",C7)),"las",IF(ISNUMBER(SEARCH(".sdg",C7)),"sdg",IF(ISNUMBER(SEARCH(".xlsx",C7)),"xlsx",IF(ISNUMBER(SEARCH(".docx",C7)),"docx",IF(ISNUMBER(SEARCH(".rhistory",C7)),"rhistory",IF(ISNUMBER(SEARCH(".db",C7)),"db",IF(ISNUMBER(SEARCH(".jpg",C7)),"jpg",IF(ISNUMBER(SEARCH(".png",C7)),"png",IF(ISNUMBER(SEARCH(".mdb",C7)),"mdb",IF(ISNUMBER(SEARCH(".xml",C7)),"xml",IF(ISNUMBER(SEARCH(".xls",C7)),"xls",IF(ISNUMBER(SEARCH(".txt",C7)),"txt",IF(ISNUMBER(SEARCH(".tsf",C7)),"tsf",IF(ISNUMBER(SEARCH(".sch",C7)),"sch","ZIP oder R")))))))))))))))) -> tif
A8: P:\I2535F001_KI-Explore\Bohrprotokolle_Schichtenverzeichnisse\Allmenhausen_11_1960 | B8: Allmenhausen_11_1960 | C8: Allmenhausen_11_SVZ.pdf | D8: =IF(ISNUMBER(SEARCH(".pdf",C8)),"pdf",IF(ISNUMBER(SEARCH(".tif",C8)),"tif",IF(ISNUMBER(SEARCH(".las",C8)),"las",IF(ISNUMBER(SEARCH(".sdg",C8)),"sdg",IF(ISNUMBER(SEARCH(".xlsx",C8)),"xlsx",IF(ISNUMBER(SEARCH(".docx",C8)),"docx",IF(ISNUMBER(SEARCH(".rhistory",C8)),"rhistory",IF(ISNUMBER(SEARCH(".db",C8)),"db",IF(ISNUMBER(SEARCH(".jpg",C8)),"jpg",IF(ISNUMBER(SEARCH(".png",C8)),"png",IF(ISNUMBER(SEARCH(".mdb",C8)),"mdb",IF(ISNUMBER(SEARCH(".xml",C8)),"xml",IF(ISNUMBER(SEARCH(".xls",C8)),"xls",IF(ISNUMBER(SEARCH(".txt",C8)),"txt",IF(ISNUMBER(SEARCH(".tsf",C8)),"tsf",IF(ISNUMBER(SEARCH(".sch",C8)),"sch","ZIP oder R")))))))))))))))) -> pdf
A9: P:\I2535F001_KI-Explore\Bohrprotokolle_Schichtenverzeichnisse\Allmenhausen_2_1959 | B9: Allmenhausen_2_1959 | C9: 1959-2690.pdf | D9: =IF(ISNUMBER(SEARCH(".pdf",C9)),"pdf",IF(ISNUMBER(SEARCH(".tif",C9)),"tif",IF(ISNUMBER(SEARCH(".las",C9)),"las",IF(ISNUMBER(SEARCH(".sdg",C9)),"sdg",IF(ISNUMBER(SEARCH(".xlsx",C9)),"xlsx",IF(ISNUMBER(SEARCH(".docx",C9)),"docx",IF(ISNUMBER(SEARCH(".rhistory",C9)),"rhistory",IF(ISNUMBER(SEARCH(".db",C9)),"db",IF(ISNUMBER(SEARCH(".jpg",C9)),"jpg",IF(ISNUMBER(SEARCH(".png",C9)),"png",IF(ISNUMBER(SEARCH(".mdb",C9)),"mdb",IF(ISNUMBER(SEARCH(".xml",C9)),"xml",IF(ISNUMBER(SEARCH(".xls",C9)),"xls",IF(ISNUMBER(SEARCH(".txt",C9)),"txt",IF(ISNUMBER(SEARCH(".tsf",C9)),"tsf",IF(ISNUMBER(SEARCH(".sch",C9)),"sch","ZIP oder R")))))))))))))))) -> pdf
A10: P:\I2535F001_KI-Explore\Bohrprotokolle_Schichtenverzeichnisse\Allmenhausen_32_1968 | B10: Allmenhausen_32_1968 | C10: Allmenhausen_32_1968_Log.pdf | D10: =IF(ISNUMBER(SEARCH(".pdf",C10)),"pdf",IF(ISNUMBER(SEARCH(".tif",C10)),"tif",IF(ISNUMBER(SEARCH(".las",C10)),"las",IF(ISNUMBER(SEARCH(".sdg",C10)),"sdg",IF(ISNUMBER(SEARCH(".xlsx",C10)),"xlsx",IF(ISNUMBER(SEARCH(".docx",C10)),"docx",IF(ISNUMBER(SEARCH(".rhistory",C10)),"rhistory",IF(ISNUMBER(SEARCH(".db",C10)),"db",IF(ISNUMBER(SEARCH(".jpg",C10)),"jpg",IF(ISNUMBER(SEARCH(".png",C10)),"png",IF(ISNUMBER(SEARCH(".mdb",C10)),"mdb",IF(ISNUMBER(SEARCH(".xml",C10)),"xml",IF(ISNUMBER(SEARCH(".xls",C10)),"xls",IF(ISNUMBER(SEARCH(".txt",C10)),"txt",IF(ISNUMBER(SEARCH(".tsf",C10)),"tsf",IF(ISNUMBER(SEARCH(".sch",C10)),"sch","ZIP oder R")))))))))))))))) -> pdf
A11: P:\I2535F001_KI-Explore\Bohrprotokolle_Schichtenverzeichnisse\Allmenhausen_32_1968 | B11: Allmenhausen_32_1968 | C11: Allmenhausen_32_1968_SVZ.pdf | D11: =IF(ISNUMBER(SEARCH(".pdf",C11)),"pdf",IF(ISNUMBER(SEARCH(".tif",C11)),"tif",IF(ISNUMBER(SEARCH(".las",C11)),"las",IF(ISNUMBER(SEARCH(".sdg",C11)),"sdg",IF(ISNUMBER(SEARCH(".xlsx",C11)),"xlsx",IF(ISNUMBER(SEARCH(".docx",C11)),"docx",IF(ISNUMBER(SEARCH(".rhistory",C11)),"rhistory",IF(ISNUMBER(SEARCH(".db",C11)),"db",IF(ISNUMBER(SEARCH(".jpg",C11)),"jpg",IF(ISNUMBER(SEARCH(".png",C11)),"png",IF(ISNUMBER(SEARCH(".mdb",C11)),"mdb",IF(ISNUMBER(SEARCH(".xml",C11)),"xml",IF(ISNUMBER(SEARCH(".xls",C11)),"xls",IF(ISNUMBER(SEARCH(".txt",C11)),"txt",IF(ISNUMBER(SEARCH(".tsf",C11)),"tsf",IF(ISNUMBER(SEARCH(".sch",C11)),"sch","ZIP oder R")))))))))))))))) -> pdf
A12: P:\I2535F001_KI-Explore\Bohrprotokolle_Schichtenverzeichnisse\Allmenhausen_33_1968 | B12: Allmenhausen_33_1968 | C12: 1968-2913.pdf | D12: =IF(ISNUMBER(SEARCH(".pdf",C12)),"pdf",IF(ISNUMBER(SEARCH(".tif",C12)),"tif",IF(ISNUMBER(SEARCH(".las",C12)),"las",IF(ISNUMBER(SEARCH(".sdg",C12)),"sdg",IF(ISNUMBER(SEARCH(".xlsx",C12)),"xlsx",IF(ISNUMBER(SEARCH(".docx",C12)),"docx",IF(ISNUMBER(SEARCH(".rhistory",C12)),"rhistory",IF(ISNUMBER(SEARCH(".db",C12)),"db",IF(ISNUMBER(SEARCH(".jpg",C12)),"jpg",IF(ISNUMBER(SEARCH(".png",C12)),"png",IF(ISNUMBER(SEARCH(".mdb",C12)),"mdb",IF(ISNUMBER(SEARCH(".xml",C12)),"xml",IF(ISNUMBER(SEARCH(".xls",C12)),"xls",IF(ISNUMBER(SEARCH(".txt",C12)),"txt",IF(ISNUMBER(SEARCH(".tsf",C12)),"tsf",IF(ISNUMBER(SEARCH(".sch",C12)),"sch","ZIP oder R")))))))))))))))) -> pdf
A13: P:\I2535F001_KI-Explore\Bohrprotokolle_Schichtenverzeichnisse\Allmenhausen_33_1968 | B13: Allmenhausen_33_1968 | C13: Allmenhausen_33_168_Log.pdf | D13: =IF(ISNUMBER(SEARCH(".pdf",C13)),"pdf",IF(ISNUMBER(SEARCH(".tif",C13)),"tif",IF(ISNUMBER(SEARCH(".las",C13)),"las",IF(ISNUMBER(SEARCH(".sdg",C13)),"sdg",IF(ISNUMBER(SEARCH(".xlsx",C13)),"xlsx",IF(ISNUMBER(SEARCH(".docx",C13)),"docx",IF(ISNUMBER(SEARCH(".rhistory",C13)),"rhistory",IF(ISNUMBER(SEARCH(".db",C13)),"db",IF(ISNUMBER(SEARCH(".jpg",C13)),"jpg",IF(ISNUMBER(SEARCH(".png",C13)),"png",IF(ISNUMBER(SEARCH(".mdb",C13)),"mdb",IF(ISNUMBER(SEARCH(".xml",C13)),"xml",IF(ISNUMBER(SEARCH(".xls",C13)),"xls",IF(ISNUMBER(SEARCH(".txt",C13)),"txt",IF(ISNUMBER(SEARCH(".tsf",C13)),"tsf",IF(ISNUMBER(SEARCH(".sch",C13)),"sch","ZIP oder R")))))))))))))))) -> pdf
... A929: P:\I2535F001_KI-Explore\Bohrprotokolle_Schichtenverzeichnisse\K-UTEC_neu | B929: K-UTEC_neu | C929: TLUBN.zip | D929: =IF(ISNUMBER(SEARCH(".pdf",C929)),"pdf",IF(ISNUMBER(SEARCH(".tif",C929)),"tif",IF(ISNUMBER(SEARCH(".las",C929)),"las",IF(ISNUMBER(SEARCH(".sdg",C929)),"sdg",IF(ISNUMBER(SEARCH(".xlsx",C929)),"xlsx",IF(ISNUMBER(SEARCH(".docx",C929)),"docx",IF(ISNUMBER(SEARCH(".rhistory",C929)),"rhistory",IF(ISNUMBER(SEARCH(".db",C929)),"db",IF(ISNUMBER(SEARCH(".jpg",C929)),"jpg",IF(ISNUMBER(SEARCH(".png",C929)),"png",IF(ISNUMBER(SEARCH(".mdb",C929)),"mdb",IF(ISNUMBER(SEARCH(".xml",C929)),"xml",IF(ISNUMBER(SEARCH(".xls",C929)),"xls",IF(ISNUMBER(SEARCH(".txt",C929)),"txt",IF(ISNUMBER(SEARCH(".tsf",C929)),"tsf",IF(ISNUMBER(SEARCH(".sch",C929)),"sch","ZIP oder R")))))))))))))))) -> ZIP oder R
A930: P:\I2535F001_KI-Explore\Bohrprotokolle_Schichtenverzeichnisse\K-UTEC_neu\TLUBN\anfrage_2025_02_k-utec | C930: anfrage_250206_gt_k-utec.accdb | D930: =IF(ISNUMBER(SEARCH(".pdf",C930)),"pdf",IF(ISNUMBER(SEARCH(".tif",C930)),"tif",IF(ISNUMBER(SEARCH(".las",C930)),"las",IF(ISNUMBER(SEARCH(".sdg",C930)),"sdg",IF(ISNUMBER(SEARCH(".xlsx",C930)),"xlsx",IF(ISNUMBER(SEARCH(".docx",C930)),"docx",IF(ISNUMBER(SEARCH(".rhistory",C930)),"rhistory",IF(ISNUMBER(SEARCH(".db",C930)),"db",IF(ISNUMBER(SEARCH(".jpg",C930)),"jpg",IF(ISNUMBER(SEARCH(".png",C930)),"png",IF(ISNUMBER(SEARCH(".mdb",C930)),"mdb",IF(ISNUMBER(SEARCH(".xml",C930)),"xml",IF(ISNUMBER(SEARCH(".xls",C930)),"xls",IF(ISNUMBER(SEARCH(".txt",C930)),"txt",IF(ISNUMBER(SEARCH(".tsf",C930)),"tsf",IF(ISNUMBER(SEARCH(".sch",C930)),"sch","ZIP oder R")))))))))))))))) -> ZIP oder R
A931: P:\I2535F001_KI-Explore\Bohrprotokolle_Schichtenverzeichnisse\K-UTEC_neu\TLUBN\anfrage_2025_02_k-utec | C931: Dokumente_FIS_gewässer.xlsx | D931: =IF(ISNUMBER(SEARCH(".pdf",C931)),"pdf",IF(ISNUMBER(SEARCH(".tif",C931)),"tif",IF(ISNUMBER(SEARCH(".las",C931)),"las",IF(ISNUMBER(SEARCH(".sdg",C931)),"sdg",IF(ISNUMBER(SEARCH(".xlsx",C931)),"xlsx",IF(ISNUMBER(SEARCH(".docx",C931)),"docx",IF(ISNUMBER(SEARCH(".rhistory",C931)),"rhistory",IF(ISNUMBER(SEARCH(".db",C931)),"db",IF(ISNUMBER(SEARCH(".jpg",C931)),"jpg",IF(ISNUMBER(SEARCH(".png",C931)),"png",IF(ISNUMBER(SEARCH(".mdb",C931)),"mdb",IF(ISNUMBER(SEARCH(".xml",C931)),"xml",IF(ISNUMBER(SEARCH(".xls",C931)),"xls",IF(ISNUMBER(SEARCH(".txt",C931)),"txt",IF(ISNUMBER(SEARCH(".tsf",C931)),"tsf",IF(ISNUMBER(SEARCH(".sch",C931)),"sch","ZIP oder R")))))))))))))))) -> xlsx
A932: P:\I2535F001_KI-Explore\Bohrprotokolle_Schichtenverzeichnisse\K-UTEC_neu\TLUBN\anfrage_2025_02_k-utec\Aufschlussdokumente\108071 | B932: Straussfurt_T2_1963 | C932: 108071_E_Straussfurt_T2_1963.zip | D932: =IF(ISNUMBER(SEARCH(".pdf",C932)),"pdf",IF(ISNUMBER(SEARCH(".tif",C932)),"tif",IF(ISNUMBER(SEARCH(".las",C932)),"las",IF(ISNUMBER(SEARCH(".sdg",C932)),"sdg",IF(ISNUMBER(SEARCH(".xlsx",C932)),"xlsx",IF(ISNUMBER(SEARCH(".docx",C932)),"docx",IF(ISNUMBER(SEARCH(".rhistory",C932)),"rhistory",IF(ISNUMBER(SEARCH(".db",C932)),"db",IF(ISNUMBER(SEARCH(".jpg",C932)),"jpg",IF(ISNUMBER(SEARCH(".png",C932)),"png",IF(ISNUMBER(SEARCH(".mdb",C932)),"mdb",IF(ISNUMBER(SEARCH(".xml",C932)),"xml",IF(ISNUMBER(SEARCH(".xls",C932)),"xls",IF(ISNUMBER(SEARCH(".txt",C932)),"txt",IF(ISNUMBER(SEARCH(".tsf",C932)),"tsf",IF(ISNUMBER(SEARCH(".sch",C932)),"sch","ZIP oder R")))))))))))))))) -> ZIP oder R
A933: P:\I2535F001_KI-Explore\Bohrprotokolle_Schichtenverzeichnisse\K-UTEC_neu\TLUBN\anfrage_2025_02_k-utec\Aufschlussdokumente\108071 | B933: Straussfurt_T2_1963 | C933: 108071_E_Straussfurt_T2_1963_BLM.pdf | D933: =IF(ISNUMBER(SEARCH(".pdf",C933)),"pdf",IF(ISNUMBER(SEARCH(".tif",C933)),"tif",IF(ISNUMBER(SEARCH(".las",C933)),"las",IF(ISNUMBER(SEARCH(".sdg",C933)),"sdg",IF(ISNUMBER(SEARCH(".xlsx",C933)),"xlsx",IF(ISNUMBER(SEARCH(".docx",C933)),"docx",IF(ISNUMBER(SEARCH(".rhistory",C933)),"rhistory",IF(ISNUMBER(SEARCH(".db",C933)),"db",IF(ISNUMBER(SEARCH(".jpg",C933)),"jpg",IF(ISNUMBER(SEARCH(".png",C933)),"png",IF(ISNUMBER(SEARCH(".mdb",C933)),"mdb",IF(ISNUMBER(SEARCH(".xml",C933)),"xml",IF(ISNUMBER(SEARCH(".xls",C933)),"xls",IF(ISNUMBER(SEARCH(".txt",C933)),"txt",IF(ISNUMBER(SEARCH(".tsf",C933)),"tsf",IF(ISNUMBER(SEARCH(".sch",C933)),"sch","ZIP oder R")))))))))))))))) -> pdf
A934: P:\I2535F001_KI-Explore\Bohrprotokolle_Schichtenverzeichnisse\K-UTEC_neu\TLUBN\anfrage_2025_02_k-utec\Aufschlussdokumente\108071 | B934: Straussfurt_T2_1963 | C934: 108071_E_Straussfurt_T2_1963_Bohrjournal.pdf | D934: =IF(ISNUMBER(SEARCH(".pdf",C934)),"pdf",IF(ISNUMBER(SEARCH(".tif",C934)),"tif",IF(ISNUMBER(SEARCH(".las",C934)),"las",IF(ISNUMBER(SEARCH(".sdg",C934)),"sdg",IF(ISNUMBER(SEARCH(".xlsx",C934)),"xlsx",IF(ISNUMBER(SEARCH(".docx",C934)),"docx",IF(ISNUMBER(SEARCH(".rhistory",C934)),"rhistory",IF(ISNUMBER(SEARCH(".db",C934)),"db",IF(ISNUMBER(SEARCH(".jpg",C934)),"jpg",IF(ISNUMBER(SEARCH(".png",C934)),"png",IF(ISNUMBER(SEARCH(".mdb",C934)),"mdb",IF(ISNUMBER(SEARCH(".xml",C934)),"xml",IF(ISNUMBER(SEARCH(".xls",C934)),"xls",IF(ISNUMBER(SEARCH(".txt",C934)),"txt",IF(ISNUMBER(SEARCH(".tsf",C934)),"tsf",IF(ISNUMBER(SEARCH(".sch",C934)),"sch","ZIP oder R")))))))))))))))) -> pdf
A935: P:\I2535F001_KI-Explore\Bohrprotokolle_Schichtenverzeichnisse\K-UTEC_neu\TLUBN\anfrage_2025_02_k-utec\Aufschlussdokumente\108071 | B935: Straussfurt_T2_1963 | C935: 108071_E_Straußfurt_T2-1963_Kernmarschverzeichnis.pdf | D935: =IF(ISNUMBER(SEARCH(".pdf",C935)),"pdf",IF(ISNUMBER(SEARCH(".tif",C935)),"tif",IF(ISNUMBER(SEARCH(".las",C935)),"las",IF(ISNUMBER(SEARCH(".sdg",C935)),"sdg",IF(ISNUMBER(SEARCH(".xlsx",C935)),"xlsx",IF(ISNUMBER(SEARCH(".docx",C935)),"docx",IF(ISNUMBER(SEARCH(".rhistory",C935)),"rhistory",IF(ISNUMBER(SEARCH(".db",C935)),"db",IF(ISNUMBER(SEARCH(".jpg",C935)),"jpg",IF(ISNUMBER(SEARCH(".png",C935)),"png",IF(ISNUMBER(SEARCH(".mdb",C935)),"mdb",IF(ISNUMBER(SEARCH(".xml",C935)),"xml",IF(ISNUMBER(SEARCH(".xls",C935)),"xls",IF(ISNUMBER(SEARCH(".txt",C935)),"txt",IF(ISNUMBER(SEARCH(".tsf",C935)),"tsf",IF(ISNUMBER(SEARCH(".sch",C935)),"sch","ZIP oder R")))))))))))))))) -> pdf
A936: P:\I2535F001_KI-Explore\Bohrprotokolle_Schichtenverzeichnisse\K-UTEC_neu\TLUBN\anfrage_2025_02_k-utec\Aufschlussdokumente\108071\108071_E_Straussfurt_T2_1963 | B936: Straussfurt_T2_1963 | C936: 108071_E_Straussfurt_T2_1963_Composite_KORR.las | D936: =IF(ISNUMBER(SEARCH(".pdf",C936)),"pdf",IF(ISNUMBER(SEARCH(".tif",C936)),"tif",IF(ISNUMBER(SEARCH(".las",C936)),"las",IF(ISNUMBER(SEARCH(".sdg",C936)),"sdg",IF(ISNUMBER(SEARCH(".xlsx",C936)),"xlsx",IF(ISNUMBER(SEARCH(".docx",C936)),"docx",IF(ISNUMBER(SEARCH(".rhistory",C936)),"rhistory",IF(ISNUMBER(SEARCH(".db",C936)),"db",IF(ISNUMBER(SEARCH(".jpg",C936)),"jpg",IF(ISNUMBER(SEARCH(".png",C936)),"png",IF(ISNUMBER(SEARCH(".mdb",C936)),"mdb",IF(ISNUMBER(SEARCH(".xml",C936)),"xml",IF(ISNUMBER(SEARCH(".xls",C936)),"xls",IF(ISNUMBER(SEARCH(".txt",C936)),"txt",IF(ISNUMBER(SEARCH(".tsf",C936)),"tsf",IF(ISNUMBER(SEARCH(".sch",C936)),"sch","ZIP oder R")))))))))))))))) -> las
A937: P:\I2535F001_KI-Explore\Bohrprotokolle_Schichtenverzeichnisse\K-UTEC_neu\TLUBN\anfrage_2025_02_k-utec\Aufschlussdokumente\108071\108071_E_Straussfurt_T2_1963 | B937: Straussfurt_T2_1963 | C937: 108071_E_Straussfurt_T2_1963_Composite_SPEZ.las | D937: =IF(ISNUMBER(SEARCH(".pdf",C937)),"pdf",IF(ISNUMBER(SEARCH(".tif",C937)),"tif",IF(ISNUMBER(SEARCH(".las",C937)),"las",IF(ISNUMBER(SEARCH(".sdg",C937)),"sdg",IF(ISNUMBER(SEARCH(".xlsx",C937)),"xlsx",IF(ISNUMBER(SEARCH(".docx",C937)),"docx",IF(ISNUMBER(SEARCH(".rhistory",C937)),"rhistory",IF(ISNUMBER(SEARCH(".db",C937)),"db",IF(ISNUMBER(SEARCH(".jpg",C937)),"jpg",IF(ISNUMBER(SEARCH(".png",C937)),"png",IF(ISNUMBER(SEARCH(".mdb",C937)),"mdb",IF(ISNUMBER(SEARCH(".xml",C937)),"xml",IF(ISNUMBER(SEARCH(".xls",C937)),"xls",IF(ISNUMBER(SEARCH(".txt",C937)),"txt",IF(ISNUMBER(SEARCH(".tsf",C937)),"tsf",IF(ISNUMBER(SEARCH(".sch",C937)),"sch","ZIP oder R")))))))))))))))) -> las
A938: P:\I2535F001_KI-Explore\Bohrprotokolle_Schichtenverzeichnisse\K-UTEC_neu\TLUBN\anfrage_2025_02_k-utec\Aufschlussdokumente\108071\108071_E_Straussfurt_T2_1963 | B938: Straussfurt_T2_1963 | C938: 108071_E_Straussfurt_T2_1963_Edit_KORR_1-1000.tif | D938: =IF(ISNUMBER(SEARCH(".pdf",C938)),"pdf",IF(ISNUMBER(SEARCH(".tif",C938)),"tif",IF(ISNUMBER(SEARCH(".las",C938)),"las",IF(ISNUMBER(SEARCH(".sdg",C938)),"sdg",IF(ISNUMBER(SEARCH(".xlsx",C938)),"xlsx",IF(ISNUMBER(SEARCH(".docx",C938)),"docx",IF(ISNUMBER(SEARCH(".rhistory",C938)),"rhistory",IF(ISNUMBER(SEARCH(".db",C938)),"db",IF(ISNUMBER(SEARCH(".jpg",C938)),"jpg",IF(ISNUMBER(SEARCH(".png",C938)),"png",IF(ISNUMBER(SEARCH(".mdb",C938)),"mdb",IF(ISNUMBER(SEARCH(".xml",C938)),"xml",IF(ISNUMBER(SEARCH(".xls",C938)),"xls",IF(ISNUMBER(SEARCH(".txt",C938)),"txt",IF(ISNUMBER(SEARCH(".tsf",C938)),"tsf",IF(ISNUMBER(SEARCH(".sch",C938)),"sch","ZIP oder R")))))))))))))))) -> tif
A939: P:\I2535F001_KI-Explore\Bohrprotokolle_Schichtenverzeichnisse\K-UTEC_neu\TLUBN\anfrage_2025_02_k-utec\Aufschlussdokumente\108071\108071_E_Straussfurt_T2_1963 | B939: Straussfurt_T2_1963 | C939: 108071_E_Straussfurt_T2_1963_Edit_SPEZ_1-500.tif | D939: =IF(ISNUMBER(SEARCH(".pdf",C939)),"pdf",IF(ISNUMBER(SEARCH(".tif",C939)),"tif",IF(ISNUMBER(SEARCH(".las",C939)),"las",IF(ISNUMBER(SEARCH(".sdg",C939)),"sdg",IF(ISNUMBER(SEARCH(".xlsx",C939)),"xlsx",IF(ISNUMBER(SEARCH(".docx",C939)),"docx",IF(ISNUMBER(SEARCH(".rhistory",C939)),"rhistory",IF(ISNUMBER(SEARCH(".db",C939)),"db",IF(ISNUMBER(SEARCH(".jpg",C939)),"jpg",IF(ISNUMBER(SEARCH(".png",C939)),"png",IF(ISNUMBER(SEARCH(".mdb",C939)),"mdb",IF(ISNUMBER(SEARCH(".xml",C939)),"xml",IF(ISNUMBER(SEARCH(".xls",C939)),"xls",IF(ISNUMBER(SEARCH(".txt",C939)),"txt",IF(ISNUMBER(SEARCH(".tsf",C939)),"tsf",IF(ISNUMBER(SEARCH(".sch",C939)),"sch","ZIP oder R")))))))))))))))) -> tif
A940: P:\I2535F001_KI-Explore\Bohrprotokolle_Schichtenverzeichnisse\K-UTEC_neu\TLUBN\anfrage_2025_02_k-utec\Aufschlussdokumente\108071\108071_E_Straussfurt_T2_1963 | B940: Straussfurt_T2_1963 | C940: 108071_E_Straussfurt_T2_1963_REPORT_KORR.docx | D940: =IF(ISNUMBER(SEARCH(".pdf",C940)),"pdf",IF(ISNUMBER(SEARCH(".tif",C940)),"tif",IF(ISNUMBER(SEARCH(".las",C940)),"las",IF(ISNUMBER(SEARCH(".sdg",C940)),"sdg",IF(ISNUMBER(SEARCH(".xlsx",C940)),"xlsx",IF(ISNUMBER(SEARCH(".docx",C940)),"docx",IF(ISNUMBER(SEARCH(".rhistory",C940)),"rhistory",IF(ISNUMBER(SEARCH(".db",C940)),"db",IF(ISNUMBER(SEARCH(".jpg",C940)),"jpg",IF(ISNUMBER(SEARCH(".png",C940)),"png",IF(ISNUMBER(SEARCH(".mdb",C940)),"mdb",IF(ISNUMBER(SEARCH(".xml",C940)),"xml",IF(ISNUMBER(SEARCH(".xls",C940)),"xls",IF(ISNUMBER(SEARCH(".txt",C940)),"txt",IF(ISNUMBER(SEARCH(".tsf",C940)),"tsf",IF(ISNUMBER(SEARCH(".sch",C940)),"sch","ZIP oder R")))))))))))))))) -> docx
A941: P:\I2535F001_KI-Explore\Bohrprotokolle_Schichtenverzeichnisse\K-UTEC_neu\TLUBN\anfrage_2025_02_k-utec\Aufschlussdokumente\108071\108071_E_Straussfurt_T2_1963 | B941: Straussfurt_T2_1963 | C941: 108071_E_Straussfurt_T2_1963_REPORT_SPEZ.docx | D941: =IF(ISNUMBER(SEARCH(".pdf",C941)),"pdf",IF(ISNUMBER(SEARCH(".tif",C941)),"tif",IF(ISNUMBER(SEARCH(".las",C941)),"las",IF(ISNUMBER(SEARCH(".sdg",C941)),"sdg",IF(ISNUMBER(SEARCH(".xlsx",C941)),"xlsx",IF(ISNUMBER(SEARCH(".docx",C941)),"docx",IF(ISNUMBER(SEARCH(".rhistory",C941)),"rhistory",IF(ISNUMBER(SEARCH(".db",C941)),"db",IF(ISNUMBER(SEARCH(".jpg",C941)),"jpg",IF(ISNUMBER(SEARCH(".png",C941)),"png",IF(ISNUMBER(SEARCH(".mdb",C941)),"mdb",IF(ISNUMBER(SEARCH(".xml",C941)),"xml",IF(ISNUMBER(SEARCH(".xls",C941)),"xls",IF(ISNUMBER(SEARCH(".txt",C941)),"txt",IF(ISNUMBER(SEARCH(".tsf",C941)),"tsf",IF(ISNUMBER(SEARCH(".sch",C941)),"sch","ZIP oder R")))))))))))))))) -> docx
A942: P:\I2535F001_KI-Explore\Bohrprotokolle_Schichtenverzeichnisse\K-UTEC_neu\TLUBN\anfrage_2025_02_k-utec\Aufschlussdokumente\108071\108071_E_Straussfurt_T2_1963\Rohdaten | B942: Straussfurt_T2_1963 | C942: 108071_E_Straussfurt_T2_1963_Geophysik_01.las | D942: =IF(ISNUMBER(SEARCH(".pdf",C942)),"pdf",IF(ISNUMBER(SEARCH(".tif",C942)),"tif",IF(ISNUMBER(SEARCH(".las",C942)),"las",IF(ISNUMBER(SEARCH(".sdg",C942)),"sdg",IF(ISNUMBER(SEARCH(".xlsx",C942)),"xlsx",IF(ISNUMBER(SEARCH(".docx",C942)),"docx",IF(ISNUMBER(SEARCH(".rhistory",C942)),"rhistory",IF(ISNUMBER(SEARCH(".db",C942)),"db",IF(ISNUMBER(SEARCH(".jpg",C942)),"jpg",IF(ISNUMBER(SEARCH(".png",C942)),"png",IF(ISNUMBER(SEARCH(".mdb",C942)),"mdb",IF(ISNUMBER(SEARCH(".xml",C942)),"xml",IF(ISNUMBER(SEARCH(".xls",C942)),"xls",IF(ISNUMBER(SEARCH(".txt",C942)),"txt",IF(ISNUMBER(SEARCH(".tsf",C942)),"tsf",IF(ISNUMBER(SEARCH(".sch",C942)),"sch","ZIP oder R")))))))))))))))) -> las
A943: P:\I2535F001_KI-Explore\Bohrprotokolle_Schichtenverzeichnisse\K-UTEC_neu\TLUBN\anfrage_2025_02_k-utec\Aufschlussdokumente\108071\108071_E_Straussfurt_T2_1963\Rohdaten | B943: Straussfurt_T2_1963 | C943: 108071_E_Straussfurt_T2_1963_Geophysik_02.las | D943: =IF(ISNUMBER(SEARCH(".pdf",C943)),"pdf",IF(ISNUMBER(SEARCH(".tif",C943)),"tif",IF(ISNUMBER(SEARCH(".las",C943)),"las",IF(ISNUMBER(SEARCH(".sdg",C943)),"sdg",IF(ISNUMBER(SEARCH(".xlsx",C943)),"xlsx",IF(ISNUMBER(SEARCH(".docx",C943)),"docx",IF(ISNUMBER(SEARCH(".rhistory",C943)),"rhistory",IF(ISNUMBER(SEARCH(".db",C943)),"db",IF(ISNUMBER(SEARCH(".jpg",C943)),"jpg",IF(ISNUMBER(SEARCH(".png",C943)),"png",IF(ISNUMBER(SEARCH(".mdb",C943)),"mdb",IF(ISNUMBER(SEARCH(".xml",C943)),"xml",IF(ISNUMBER(SEARCH(".xls",C943)),"xls",IF(ISNUMBER(SEARCH(".txt",C943)),"txt",IF(ISNUMBER(SEARCH(".tsf",C943)),"tsf",IF(ISNUMBER(SEARCH(".sch",C943)),"sch","ZIP oder R")))))))))))))))) -> las
... A1139: P:\I2535F001_KI-Explore\Bohrprotokolle_Schichtenverzeichnisse\K-UTEC_neu\TLUBN\anfrage_2025_02_k-utec\Aufschlussdokumente\620675 | B1139: Ballstedt_1_1963 | C1139: 620675_Kal_Ballstedt_1_1973_Bohrjournal_02_Anlagen.pdf | D1139: =IF(ISNUMBER(SEARCH(".pdf",C1139)),"pdf",IF(ISNUMBER(SEARCH(".tif",C1139)),"tif",IF(ISNUMBER(SEARCH(".las",C1139)),"las",IF(ISNUMBER(SEARCH(".sdg",C1139)),"sdg",IF(ISNUMBER(SEARCH(".xlsx",C1139)),"xlsx",IF(ISNUMBER(SEARCH(".docx",C1139)),"docx",IF(ISNUMBER(SEARCH(".rhistory",C1139)),"rhistory",IF(ISNUMBER(SEARCH(".db",C1139)),"db",IF(ISNUMBER(SEARCH(".jpg",C1139)),"jpg",IF(ISNUMBER(SEARCH(".png",C1139)),"png",IF(ISNUMBER(SEARCH(".mdb",C1139)),"mdb",IF(ISNUMBER(SEARCH(".xml",C1139)),"xml",IF(ISNUMBER(SEARCH(".xls",C1139)),"xls",IF(ISNUMBER(SEARCH(".txt",C1139)),"txt",IF(ISNUMBER(SEARCH(".tsf",C1139)),"tsf",IF(ISNUMBER(SEARCH(".sch",C1139)),"sch","ZIP oder R")))))))))))))))) -> pdf
A1140: P:\I2535F001_KI-Explore\Bohrprotokolle_Schichtenverzeichnisse\K-UTEC_neu\TLUBN\anfrage_2025_02_k-utec\Aufschlussdokumente\621286 | C1140: 50_Ro_4929.pdf | D1140: =IF(ISNUMBER(SEARCH(".pdf",C1140)),"pdf",IF(ISNUMBER(SEARCH(".tif",C1140)),"tif",IF(ISNUMBER(SEARCH(".las",C1140)),"las",IF(ISNUMBER(SEARCH(".sdg",C1140)),"sdg",IF(ISNUMBER(SEARCH(".xlsx",C1140)),"xlsx",IF(ISNUMBER(SEARCH(".docx",C1140)),"docx",IF(ISNUMBER(SEARCH(".rhistory",C1140)),"rhistory",IF(ISNUMBER(SEARCH(".db",C1140)),"db",IF(ISNUMBER(SEARCH(".jpg",C1140)),"jpg",IF(ISNUMBER(SEARCH(".png",C1140)),"png",IF(ISNUMBER(SEARCH(".mdb",C1140)),"mdb",IF(ISNUMBER(SEARCH(".xml",C1140)),"xml",IF(ISNUMBER(SEARCH(".xls",C1140)),"xls",IF(ISNUMBER(SEARCH(".txt",C1140)),"txt",IF(ISNUMBER(SEARCH(".tsf",C1140)),"tsf",IF(ISNUMBER(SEARCH(".sch",C1140)),"sch","ZIP oder R")))))))))))))))) -> pdf
A1141: P:\I2535F001_KI-Explore\Bohrprotokolle_Schichtenverzeichnisse\K-UTEC_neu\TLUBN\anfrage_2025_02_k-utec\Aufschlussdokumente\621286 | B1141: Behringen_1_1962 | C1141: 621286_E_Behringen_01_1962_01.LAS | D1141: =IF(ISNUMBER(SEARCH(".pdf",C1141)),"pdf",IF(ISNUMBER(SEARCH(".tif",C1141)),"tif",IF(ISNUMBER(SEARCH(".las",C1141)),"las",IF(ISNUMBER(SEARCH(".sdg",C1141)),"sdg",IF(ISNUMBER(SEARCH(".xlsx",C1141)),"xlsx",IF(ISNUMBER(SEARCH(".docx",C1141)),"docx",IF(ISNUMBER(SEARCH(".rhistory",C1141)),"rhistory",IF(ISNUMBER(SEARCH(".db",C1141)),"db",IF(ISNUMBER(SEARCH(".jpg",C1141)),"jpg",IF(ISNUMBER(SEARCH(".png",C1141)),"png",IF(ISNUMBER(SEARCH(".mdb",C1141)),"mdb",IF(ISNUMBER(SEARCH(".xml",C1141)),"xml",IF(ISNUMBER(SEARCH(".xls",C1141)),"xls",IF(ISNUMBER(SEARCH(".txt",C1141)),"txt",IF(ISNUMBER(SEARCH(".tsf",C1141)),"tsf",IF(ISNUMBER(SEARCH(".sch",C1141)),"sch","ZIP oder R")))))))))))))))) -> las
A1142: P:\I2535F001_KI-Explore\Bohrprotokolle_Schichtenverzeichnisse\K-UTEC_neu\TLUBN\anfrage_2025_02_k-utec\Aufschlussdokumente\621286 | B1142: Behringen_1_1962 | C1142: 621286_E_Behringen_01_1962_Geophysik_LAS.zip | D1142: =IF(ISNUMBER(SEARCH(".pdf",C1142)),"pdf",IF(ISNUMBER(SEARCH(".tif",C1142)),"tif",IF(ISNUMBER(SEARCH(".las",C1142)),"las",IF(ISNUMBER(SEARCH(".sdg",C1142)),"sdg",IF(ISNUMBER(SEARCH(".xlsx",C1142)),"xlsx",IF(ISNUMBER(SEARCH(".docx",C1142)),"docx",IF(ISNUMBER(SEARCH(".rhistory",C1142)),"rhistory",IF(ISNUMBER(SEARCH(".db",C1142)),"db",IF(ISNUMBER(SEARCH(".jpg",C1142)),"jpg",IF(ISNUMBER(SEARCH(".png",C1142)),"png",IF(ISNUMBER(SEARCH(".mdb",C1142)),"mdb",IF(ISNUMBER(SEARCH(".xml",C1142)),"xml",IF(ISNUMBER(SEARCH(".xls",C1142)),"xls",IF(ISNUMBER(SEARCH(".txt",C1142)),"txt",IF(ISNUMBER(SEARCH(".tsf",C1142)),"tsf",IF(ISNUMBER(SEARCH(".sch",C1142)),"sch","ZIP oder R")))))))))))))))) -> ZIP oder R
A1143: P:\I2535F001_KI-Explore\Bohrprotokolle_Schichtenverzeichnisse\K-UTEC_neu\TLUBN\anfrage_2025_02_k-utec\Aufschlussdokumente\621286 | B1143: Behringen_1_1962 | C1143: Behn01_GR_NG_OK-UK_Cali.las | D1143: =IF(ISNUMBER(SEARCH(".pdf",C1143)),"pdf",IF(ISNUMBER(SEARCH(".tif",C1143)),"tif",IF(ISNUMBER(SEARCH(".las",C1143)),"las",IF(ISNUMBER(SEARCH(".sdg",C1143)),"sdg",IF(ISNUMBER(SEARCH(".xlsx",C1143)),"xlsx",IF(ISNUMBER(SEARCH(".docx",C1143)),"docx",IF(ISNUMBER(SEARCH(".rhistory",C1143)),"rhistory",IF(ISNUMBER(SEARCH(".db",C1143)),"db",IF(ISNUMBER(SEARCH(".jpg",C1143)),"jpg",IF(ISNUMBER(SEARCH(".png",C1143)),"png",IF(ISNUMBER(SEARCH(".mdb",C1143)),"mdb",IF(ISNUMBER(SEARCH(".xml",C1143)),"xml",IF(ISNUMBER(SEARCH(".xls",C1143)),"xls",IF(ISNUMBER(SEARCH(".txt",C1143)),"txt",IF(ISNUMBER(SEARCH(".tsf",C1143)),"tsf",IF(ISNUMBER(SEARCH(".sch",C1143)),"sch","ZIP oder R")))))))))))))))) -> las
A1144: P:\I2535F001_KI-Explore\Bohrprotokolle_Schichtenverzeichnisse\K-UTEC_neu\TLUBN\anfrage_2025_02_k-utec\Aufschlussdokumente\621286 | B1144: Behringen_1_1962 | C1144: BEHN1.LAS | D1144: =IF(ISNUMBER(SEARCH(".pdf",C1144)),"pdf",IF(ISNUMBER(SEARCH(".tif",C1144)),"tif",IF(ISNUMBER(SEARCH(".las",C1144)),"las",IF(ISNUMBER(SEARCH(".sdg",C1144)),"sdg",IF(ISNUMBER(SEARCH(".xlsx",C1144)),"xlsx",IF(ISNUMBER(SEARCH(".docx",C1144)),"docx",IF(ISNUMBER(SEARCH(".rhistory",C1144)),"rhistory",IF(ISNUMBER(SEARCH(".db",C1144)),"db",IF(ISNUMBER(SEARCH(".jpg",C1144)),"jpg",IF(ISNUMBER(SEARCH(".png",C1144)),"png",IF(ISNUMBER(SEARCH(".mdb",C1144)),"mdb",IF(ISNUMBER(SEARCH(".xml",C1144)),"xml",IF(ISNUMBER(SEARCH(".xls",C1144)),"xls",IF(ISNUMBER(SEARCH(".txt",C1144)),"txt",IF(ISNUMBER(SEARCH(".tsf",C1144)),"tsf",IF(ISNUMBER(SEARCH(".sch",C1144)),"sch","ZIP oder R")))))))))))))))) -> las
A1145: P:\I2535F001_KI-Explore\Bohrprotokolle_Schichtenverzeichnisse\K-UTEC_neu\TLUBN\anfrage_2025_02_k-utec\Aufschlussdokumente\621286 | B1145: Behringen_1_1962 | C1145: BEHN1A.LAS | D1145: =IF(ISNUMBER(SEARCH(".pdf",C1145)),"pdf",IF(ISNUMBER(SEARCH(".tif",C1145)),"tif",IF(ISNUMBER(SEARCH(".las",C1145)),"las",IF(ISNUMBER(SEARCH(".sdg",C1145)),"sdg",IF(ISNUMBER(SEARCH(".xlsx",C1145)),"xlsx",IF(ISNUMBER(SEARCH(".docx",C1145)),"docx",IF(ISNUMBER(SEARCH(".rhistory",C1145)),"rhistory",IF(ISNUMBER(SEARCH(".db",C1145)),"db",IF(ISNUMBER(SEARCH(".jpg",C1145)),"jpg",IF(ISNUMBER(SEARCH(".png",C1145)),"png",IF(ISNUMBER(SEARCH(".mdb",C1145)),"mdb",IF(ISNUMBER(SEARCH(".xml",C1145)),"xml",IF(ISNUMBER(SEARCH(".xls",C1145)),"xls",IF(ISNUMBER(SEARCH(".txt",C1145)),"txt",IF(ISNUMBER(SEARCH(".tsf",C1145)),"tsf",IF(ISNUMBER(SEARCH(".sch",C1145)),"sch","ZIP oder R")))))))))))))))) -> las
A1146: P:\I2535F001_KI-Explore\Bohrprotokolle_Schichtenverzeichnisse\K-UTEC_neu\TLUBN\anfrage_2025_02_k-utec\Aufschlussdokumente\621286 | B1146: Behringen_1_1962 | C1146: BEHN1AA.LAS | D1146: =IF(ISNUMBER(SEARCH(".pdf",C1146)),"pdf",IF(ISNUMBER(SEARCH(".tif",C1146)),"tif",IF(ISNUMBER(SEARCH(".las",C1146)),"las",IF(ISNUMBER(SEARCH(".sdg",C1146)),"sdg",IF(ISNUMBER(SEARCH(".xlsx",C1146)),"xlsx",IF(ISNUMBER(SEARCH(".docx",C1146)),"docx",IF(ISNUMBER(SEARCH(".rhistory",C1146)),"rhistory",IF(ISNUMBER(SEARCH(".db",C1146)),"db",IF(ISNUMBER(SEARCH(".jpg",C1146)),"jpg",IF(ISNUMBER(SEARCH(".png",C1146)),"png",IF(ISNUMBER(SEARCH(".mdb",C1146)),"mdb",IF(ISNUMBER(SEARCH(".xml",C1146)),"xml",IF(ISNUMBER(SEARCH(".xls",C1146)),"xls",IF(ISNUMBER(SEARCH(".txt",C1146)),"txt",IF(ISNUMBER(SEARCH(".tsf",C1146)),"tsf",IF(ISNUMBER(SEARCH(".sch",C1146)),"sch","ZIP oder R")))))))))))))))) -> las
A1147: P:\I2535F001_KI-Explore\Bohrprotokolle_Schichtenverzeichnisse\K-UTEC_neu\TLUBN\anfrage_2025_02_k-utec\Aufschlussdokumente\621286 | B1147: Behringen_1_1962 | C1147: BEHN1AAA.LAS | D1147: =IF(ISNUMBER(SEARCH(".pdf",C1147)),"pdf",IF(ISNUMBER(SEARCH(".tif",C1147)),"tif",IF(ISNUMBER(SEARCH(".las",C1147)),"las",IF(ISNUMBER(SEARCH(".sdg",C1147)),"sdg",IF(ISNUMBER(SEARCH(".xlsx",C1147)),"xlsx",IF(ISNUMBER(SEARCH(".docx",C1147)),"docx",IF(ISNUMBER(SEARCH(".rhistory",C1147)),"rhistory",IF(ISNUMBER(SEARCH(".db",C1147)),"db",IF(ISNUMBER(SEARCH(".jpg",C1147)),"jpg",IF(ISNUMBER(SEARCH(".png",C1147)),"png",IF(ISNUMBER(SEARCH(".mdb",C1147)),"mdb",IF(ISNUMBER(SEARCH(".xml",C1147)),"xml",IF(ISNUMBER(SEARCH(".xls",C1147)),"xls",IF(ISNUMBER(SEARCH(".txt",C1147)),"txt",IF(ISNUMBER(SEARCH(".tsf",C1147)),"tsf",IF(ISNUMBER(SEARCH(".sch",C1147)),"sch","ZIP oder R")))))))))))))))) -> las
A1148: P:\I2535F001_KI-Explore\Bohrprotokolle_Schichtenverzeichnisse\K-UTEC_neu\TLUBN\anfrage_2025_02_k-utec\Aufschlussdokumente\621286 | B1148: Behringen_1_1962 | C1148: BEHN1AB.LAS | D1148: =IF(ISNUMBER(SEARCH(".pdf",C1148)),"pdf",IF(ISNUMBER(SEARCH(".tif",C1148)),"tif",IF(ISNUMBER(SEARCH(".las",C1148)),"las",IF(ISNUMBER(SEARCH(".sdg",C1148)),"sdg",IF(ISNUMBER(SEARCH(".xlsx",C1148)),"xlsx",IF(ISNUMBER(SEARCH(".docx",C1148)),"docx",IF(ISNUMBER(SEARCH(".rhistory",C1148)),"rhistory",IF(ISNUMBER(SEARCH(".db",C1148)),"db",IF(ISNUMBER(SEARCH(".jpg",C1148)),"jpg",IF(ISNUMBER(SEARCH(".png",C1148)),"png",IF(ISNUMBER(SEARCH(".mdb",C1148)),"mdb",IF(ISNUMBER(SEARCH(".xml",C1148)),"xml",IF(ISNUMBER(SEARCH(".xls",C1148)),"xls",IF(ISNUMBER(SEARCH(".txt",C1148)),"txt",IF(ISNUMBER(SEARCH(".tsf",C1148)),"tsf",IF(ISNUMBER(SEARCH(".sch",C1148)),"sch","ZIP oder R")))))))))))))))) -> las
A1149: P:\I2535F001_KI-Explore\Bohrprotokolle_Schichtenverzeichnisse\K-UTEC_neu\TLUBN\anfrage_2025_02_k-utec\Aufschlussdokumente\621286 | B1149: Behringen_1_1962 | C1149: BEHN1B.LAS | D1149: =IF(ISNUMBER(SEARCH(".pdf",C1149)),"pdf",IF(ISNUMBER(SEARCH(".tif",C1149)),"tif",IF(ISNUMBER(SEARCH(".las",C1149)),"las",IF(ISNUMBER(SEARCH(".sdg",C1149)),"sdg",IF(ISNUMBER(SEARCH(".xlsx",C1149)),"xlsx",IF(ISNUMBER(SEARCH(".docx",C1149)),"docx",IF(ISNUMBER(SEARCH(".rhistory",C1149)),"rhistory",IF(ISNUMBER(SEARCH(".db",C1149)),"db",IF(ISNUMBER(SEARCH(".jpg",C1149)),"jpg",IF(ISNUMBER(SEARCH(".png",C1149)),"png",IF(ISNUMBER(SEARCH(".mdb",C1149)),"mdb",IF(ISNUMBER(SEARCH(".xml",C1149)),"xml",IF(ISNUMBER(SEARCH(".xls",C1149)),"xls",IF(ISNUMBER(SEARCH(".txt",C1149)),"txt",IF(ISNUMBER(SEARCH(".tsf",C1149)),"tsf",IF(ISNUMBER(SEARCH(".sch",C1149)),"sch","ZIP oder R")))))))))))))))) -> las
A1150: P:\I2535F001_KI-Explore\Bohrprotokolle_Schichtenverzeichnisse\K-UTEC_neu\TLUBN\anfrage_2025_02_k-utec\Aufschlussdokumente\621286 | B1150: Behringen_1_1962 | C1150: BEHN1BA.LAS | D1150: =IF(ISNUMBER(SEARCH(".pdf",C1150)),"pdf",IF(ISNUMBER(SEARCH(".tif",C1150)),"tif",IF(ISNUMBER(SEARCH(".las",C1150)),"las",IF(ISNUMBER(SEARCH(".sdg",C1150)),"sdg",IF(ISNUMBER(SEARCH(".xlsx",C1150)),"xlsx",IF(ISNUMBER(SEARCH(".docx",C1150)),"docx",IF(ISNUMBER(SEARCH(".rhistory",C1150)),"rhistory",IF(ISNUMBER(SEARCH(".db",C1150)),"db",IF(ISNUMBER(SEARCH(".jpg",C1150)),"jpg",IF(ISNUMBER(SEARCH(".png",C1150)),"png",IF(ISNUMBER(SEARCH(".mdb",C1150)),"mdb",IF(ISNUMBER(SEARCH(".xml",C1150)),"xml",IF(ISNUMBER(SEARCH(".xls",C1150)),"xls",IF(ISNUMBER(SEARCH(".txt",C1150)),"txt",IF(ISNUMBER(SEARCH(".tsf",C1150)),"tsf",IF(ISNUMBER(SEARCH(".sch",C1150)),"sch","ZIP oder R")))))))))))))))) -> las
A1151: P:\I2535F001_KI-Explore\Bohrprotokolle_Schichtenverzeichnisse\K-UTEC_neu\TLUBN\anfrage_2025_02_k-utec\Aufschlussdokumente\621286 | B1151: Behringen_1_1962 | C1151: BEHN1_KB.LAS | D1151: =IF(ISNUMBER(SEARCH(".pdf",C1151)),"pdf",IF(ISNUMBER(SEARCH(".tif",C1151)),"tif",IF(ISNUMBER(SEARCH(".las",C1151)),"las",IF(ISNUMBER(SEARCH(".sdg",C1151)),"sdg",IF(ISNUMBER(SEARCH(".xlsx",C1151)),"xlsx",IF(ISNUMBER(SEARCH(".docx",C1151)),"docx",IF(ISNUMBER(SEARCH(".rhistory",C1151)),"rhistory",IF(ISNUMBER(SEARCH(".db",C1151)),"db",IF(ISNUMBER(SEARCH(".jpg",C1151)),"jpg",IF(ISNUMBER(SEARCH(".png",C1151)),"png",IF(ISNUMBER(SEARCH(".mdb",C1151)),"mdb",IF(ISNUMBER(SEARCH(".xml",C1151)),"xml",IF(ISNUMBER(SEARCH(".xls",C1151)),"xls",IF(ISNUMBER(SEARCH(".txt",C1151)),"txt",IF(ISNUMBER(SEARCH(".tsf",C1151)),"tsf",IF(ISNUMBER(SEARCH(".sch",C1151)),"sch","ZIP oder R")))))))))))))))) -> las
A1152: P:\I2535F001_KI-Explore\Bohrprotokolle_Schichtenverzeichnisse\K-UTEC_neu\TLUBN\anfrage_2025_02_k-utec\Aufschlussdokumente\631937 | B1152: Themar_1_1963 | C1152: 631937_Kb_Themar_1-1963_Kernmarschverzeichnis.pdf | D1152: =IF(ISNUMBER(SEARCH(".pdf",C1152)),"pdf",IF(ISNUMBER(SEARCH(".tif",C1152)),"tif",IF(ISNUMBER(SEARCH(".las",C1152)),"las",IF(ISNUMBER(SEARCH(".sdg",C1152)),"sdg",IF(ISNUMBER(SEARCH(".xlsx",C1152)),"xlsx",IF(ISNUMBER(SEARCH(".docx",C1152)),"docx",IF(ISNUMBER(SEARCH(".rhistory",C1152)),"rhistory",IF(ISNUMBER(SEARCH(".db",C1152)),"db",IF(ISNUMBER(SEARCH(".jpg",C1152)),"jpg",IF(ISNUMBER(SEARCH(".png",C1152)),"png",IF(ISNUMBER(SEARCH(".mdb",C1152)),"mdb",IF(ISNUMBER(SEARCH(".xml",C1152)),"xml",IF(ISNUMBER(SEARCH(".xls",C1152)),"xls",IF(ISNUMBER(SEARCH(".txt",C1152)),"txt",IF(ISNUMBER(SEARCH(".tsf",C1152)),"tsf",IF(ISNUMBER(SEARCH(".sch",C1152)),"sch","ZIP oder R")))))))))))))))) -> pdf
... A1161: P:\I2535F001_KI-Explore\Bohrprotokolle_Schichtenverzeichnisse\K-UTEC_neu\TLUBN\anfrage_2025_02_k-utec\Aufschlussdokumente\631937 | B1161: Themar_1_1963 | C1161: Themar_05.jpg | D1161: =IF(ISNUMBER(SEARCH(".pdf",C1161)),"pdf",IF(ISNUMBER(SEARCH(".tif",C1161)),"tif",IF(ISNUMBER(SEARCH(".las",C1161)),"las",IF(ISNUMBER(SEARCH(".sdg",C1161)),"sdg",IF(ISNUMBER(SEARCH(".xlsx",C1161)),"xlsx",IF(ISNUMBER(SEARCH(".docx",C1161)),"docx",IF(ISNUMBER(SEARCH(".rhistory",C1161)),"rhistory",IF(ISNUMBER(SEARCH(".db",C1161)),"db",IF(ISNUMBER(SEARCH(".jpg",C1161)),"jpg",IF(ISNUMBER(SEARCH(".png",C1161)),"png",IF(ISNUMBER(SEARCH(".mdb",C1161)),"mdb",IF(ISNUMBER(SEARCH(".xml",C1161)),"xml",IF(ISNUMBER(SEARCH(".xls",C1161)),"xls",IF(ISNUMBER(SEARCH(".txt",C1161)),"txt",IF(ISNUMBER(SEARCH(".tsf",C1161)),"tsf",IF(ISNUMBER(SEARCH(".sch",C1161)),"sch","ZIP oder R")))))))))))))))) -> jpg
A1162: P:\I2535F001_KI-Explore\Bohrprotokolle_Schichtenverzeichnisse\K-UTEC_neu\TLUBN\anfrage_2025_02_k-utec\Aufschlussdokumente\661745 | C1162: 60_Ro_4929.pdf | D1162: =IF(ISNUMBER(SEARCH(".pdf",C1162)),"pdf",IF(ISNUMBER(SEARCH(".tif",C1162)),"tif",IF(ISNUMBER(SEARCH(".las",C1162)),"las",IF(ISNUMBER(SEARCH(".sdg",C1162)),"sdg",IF(ISNUMBER(SEARCH(".xlsx",C1162)),"xlsx",IF(ISNUMBER(SEARCH(".docx",C1162)),"docx",IF(ISNUMBER(SEARCH(".rhistory",C1162)),"rhistory",IF(ISNUMBER(SEARCH(".db",C1162)),"db",IF(ISNUMBER(SEARCH(".jpg",C1162)),"jpg",IF(ISNUMBER(SEARCH(".png",C1162)),"png",IF(ISNUMBER(SEARCH(".mdb",C1162)),"mdb",IF(ISNUMBER(SEARCH(".xml",C1162)),"xml",IF(ISNUMBER(SEARCH(".xls",C1162)),"xls",IF(ISNUMBER(SEARCH(".txt",C1162)),"txt",IF(ISNUMBER(SEARCH(".tsf",C1162)),"tsf",IF(ISNUMBER(SEARCH(".sch",C1162)),"sch","ZIP oder R")))))))))))))))) -> pdf
A1163: P:\I2535F001_KI-Explore\Bohrprotokolle_Schichtenverzeichnisse\K-UTEC_neu\TLUBN\anfrage_2025_02_k-utec\Aufschlussdokumente\661745 | B1163: Behringen_9_1964 | C1163: 661745_E_Behringen_09_1964_01.LAS | D1163: =IF(ISNUMBER(SEARCH(".pdf",C1163)),"pdf",IF(ISNUMBER(SEARCH(".tif",C1163)),"tif",IF(ISNUMBER(SEARCH(".las",C1163)),"las",IF(ISNUMBER(SEARCH(".sdg",C1163)),"sdg",IF(ISNUMBER(SEARCH(".xlsx",C1163)),"xlsx",IF(ISNUMBER(SEARCH(".docx",C1163)),"docx",IF(ISNUMBER(SEARCH(".rhistory",C1163)),"rhistory",IF(ISNUMBER(SEARCH(".db",C1163)),"db",IF(ISNUMBER(SEARCH(".jpg",C1163)),"jpg",IF(ISNUMBER(SEARCH(".png",C1163)),"png",IF(ISNUMBER(SEARCH(".mdb",C1163)),"mdb",IF(ISNUMBER(SEARCH(".xml",C1163)),"xml",IF(ISNUMBER(SEARCH(".xls",C1163)),"xls",IF(ISNUMBER(SEARCH(".txt",C1163)),"txt",IF(ISNUMBER(SEARCH(".tsf",C1163)),"tsf",IF(ISNUMBER(SEARCH(".sch",C1163)),"sch","ZIP oder R")))))))))))))))) -> las
A1164: P:\I2535F001_KI-Explore\Bohrprotokolle_Schichtenverzeichnisse\K-UTEC_neu\TLUBN\anfrage_2025_02_k-utec\Aufschlussdokumente\661745 | B1164: Behringen_9_1964 | C1164: 661745_E_Behringen_09_1964_Geophysik_LAS.zip | D1164: =IF(ISNUMBER(SEARCH(".pdf",C1164)),"pdf",IF(ISNUMBER(SEARCH(".tif",C1164)),"tif",IF(ISNUMBER(SEARCH(".las",C1164)),"las",IF(ISNUMBER(SEARCH(".sdg",C1164)),"sdg",IF(ISNUMBER(SEARCH(".xlsx",C1164)),"xlsx",IF(ISNUMBER(SEARCH(".docx",C1164)),"docx",IF(ISNUMBER(SEARCH(".rhistory",C1164)),"rhistory",IF(ISNUMBER(SEARCH(".db",C1164)),"db",IF(ISNUMBER(SEARCH(".jpg",C1164)),"jpg",IF(ISNUMBER(SEARCH(".png",C1164)),"png",IF(ISNUMBER(SEARCH(".mdb",C1164)),"mdb",IF(ISNUMBER(SEARCH(".xml",C1164)),"xml",IF(ISNUMBER(SEARCH(".xls",C1164)),"xls",IF(ISNUMBER(SEARCH(".txt",C1164)),"txt",IF(ISNUMBER(SEARCH(".tsf",C1164)),"tsf",IF(ISNUMBER(SEARCH(".sch",C1164)),"sch","ZIP oder R")))))))))))))))) -> ZIP oder R
A1165: P:\I2535F001_KI-Explore\Bohrprotokolle_Schichtenverzeichnisse\K-UTEC_neu\TLUBN\anfrage_2025_02_k-utec\Aufschlussdokumente\661745 | B1165: Behringen_9_1964 | C1165: behn9.las | D1165: =IF(ISNUMBER(SEARCH(".pdf",C1165)),"pdf",IF(ISNUMBER(SEARCH(".tif",C1165)),"tif",IF(ISNUMBER(SEARCH(".las",C1165)),"las",IF(ISNUMBER(SEARCH(".sdg",C1165)),"sdg",IF(ISNUMBER(SEARCH(".xlsx",C1165)),"xlsx",IF(ISNUMBER(SEARCH(".docx",C1165)),"docx",IF(ISNUMBER(SEARCH(".rhistory",C1165)),"rhistory",IF(ISNUMBER(SEARCH(".db",C1165)),"db",IF(ISNUMBER(SEARCH(".jpg",C1165)),"jpg",IF(ISNUMBER(SEARCH(".png",C1165)),"png",IF(ISNUMBER(SEARCH(".mdb",C1165)),"mdb",IF(ISNUMBER(SEARCH(".xml",C1165)),"xml",IF(ISNUMBER(SEARCH(".xls",C1165)),"xls",IF(ISNUMBER(SEARCH(".txt",C1165)),"txt",IF(ISNUMBER(SEARCH(".tsf",C1165)),"tsf",IF(ISNUMBER(SEARCH(".sch",C1165)),"sch","ZIP oder R")))))))))))))))) -> las
A1166: P:\I2535F001_KI-Explore\Bohrprotokolle_Schichtenverzeichnisse\K-UTEC_neu\TLUBN\anfrage_2025_02_k-utec\Aufschlussdokumente\661745 | B1166: Behringen_9_1964 | C1166: Behn9cp.las | D1166: =IF(ISNUMBER(SEARCH(".pdf",C1166)),"pdf",IF(ISNUMBER(SEARCH(".tif",C1166)),"tif",IF(ISNUMBER(SEARCH(".las",C1166)),"las",IF(ISNUMBER(SEARCH(".sdg",C1166)),"sdg",IF(ISNUMBER(SEARCH(".xlsx",C1166)),"xlsx",IF(ISNUMBER(SEARCH(".docx",C1166)),"docx",IF(ISNUMBER(SEARCH(".rhistory",C1166)),"rhistory",IF(ISNUMBER(SEARCH(".db",C1166)),"db",IF(ISNUMBER(SEARCH(".jpg",C1166)),"jpg",IF(ISNUMBER(SEARCH(".png",C1166)),"png",IF(ISNUMBER(SEARCH(".mdb",C1166)),"mdb",IF(ISNUMBER(SEARCH(".xml",C1166)),"xml",IF(ISNUMBER(SEARCH(".xls",C1166)),"xls",IF(ISNUMBER(SEARCH(".txt",C1166)),"txt",IF(ISNUMBER(SEARCH(".tsf",C1166)),"tsf",IF(ISNUMBER(SEARCH(".sch",C1166)),"sch","ZIP oder R")))))))))))))))) -> las
A1167: P:\I2535F001_KI-Explore\Bohrprotokolle_Schichtenverzeichnisse\K-UTEC_neu\TLUBN\anfrage_2025_02_k-utec\Aufschlussdokumente\661745 | B1167: Behringen_9_1964 | C1167: behn9_o4.las | D1167: =IF(ISNUMBER(SEARCH(".pdf",C1167)),"pdf",IF(ISNUMBER(SEARCH(".tif",C1167)),"tif",IF(ISNUMBER(SEARCH(".las",C1167)),"las",IF(ISNUMBER(SEARCH(".sdg",C1167)),"sdg",IF(ISNUMBER(SEARCH(".xlsx",C1167)),"xlsx",IF(ISNUMBER(SEARCH(".docx",C1167)),"docx",IF(ISNUMBER(SEARCH(".rhistory",C1167)),"rhistory",IF(ISNUMBER(SEARCH(".db",C1167)),"db",IF(ISNUMBER(SEARCH(".jpg",C1167)),"jpg",IF(ISNUMBER(SEARCH(".png",C1167)),"png",IF(ISNUMBER(SEARCH(".mdb",C1167)),"mdb",IF(ISNUMBER(SEARCH(".xml",C1167)),"xml",IF(ISNUMBER(SEARCH(".xls",C1167)),"xls",IF(ISNUMBER(SEARCH(".txt",C1167)),"txt",IF(ISNUMBER(SEARCH(".tsf",C1167)),"tsf",IF(ISNUMBER(SEARCH(".sch",C1167)),"sch","ZIP oder R")))))))))))))))) -> las
A1168: P:\I2535F001_KI-Explore\Bohrprotokolle_Schichtenverzeichnisse\K-UTEC_neu\TLUBN\anfrage_2025_02_k-utec\Aufschlussdokumente\661745 | B1168: Behringen_9_1964 | C1168: behn9_u4.las | D1168: =IF(ISNUMBER(SEARCH(".pdf",C1168)),"pdf",IF(ISNUMBER(SEARCH(".tif",C1168)),"tif",IF(ISNUMBER(SEARCH(".las",C1168)),"las",IF(ISNUMBER(SEARCH(".sdg",C1168)),"sdg",IF(ISNUMBER(SEARCH(".xlsx",C1168)),"xlsx",IF(ISNUMBER(SEARCH(".docx",C1168)),"docx",IF(ISNUMBER(SEARCH(".rhistory",C1168)),"rhistory",IF(ISNUMBER(SEARCH(".db",C1168)),"db",IF(ISNUMBER(SEARCH(".jpg",C1168)),"jpg",IF(ISNUMBER(SEARCH(".png",C1168)),"png",IF(ISNUMBER(SEARCH(".mdb",C1168)),"mdb",IF(ISNUMBER(SEARCH(".xml",C1168)),"xml",IF(ISNUMBER(SEARCH(".xls",C1168)),"xls",IF(ISNUMBER(SEARCH(".txt",C1168)),"txt",IF(ISNUMBER(SEARCH(".tsf",C1168)),"tsf",IF(ISNUMBER(SEARCH(".sch",C1168)),"sch","ZIP oder R")))))))))))))))) -> las
A1169: P:\I2535F001_KI-Explore\Bohrprotokolle_Schichtenverzeichnisse\K-UTEC_neu\TLUBN\anfrage_2025_02_k-utec\Aufschlussdokumente\753626 | B1169: Behringen_9_1964 | C1169: 178193.pdf | D1169: =IF(ISNUMBER(SEARCH(".pdf",C1169)),"pdf",IF(ISNUMBER(SEARCH(".tif",C1169)),"tif",IF(ISNUMBER(SEARCH(".las",C1169)),"las",IF(ISNUMBER(SEARCH(".sdg",C1169)),"sdg",IF(ISNUMBER(SEARCH(".xlsx",C1169)),"xlsx",IF(ISNUMBER(SEARCH(".docx",C1169)),"docx",IF(ISNUMBER(SEARCH(".rhistory",C1169)),"rhistory",IF(ISNUMBER(SEARCH(".db",C1169)),"db",IF(ISNUMBER(SEARCH(".jpg",C1169)),"jpg",IF(ISNUMBER(SEARCH(".png",C1169)),"png",IF(ISNUMBER(SEARCH(".mdb",C1169)),"mdb",IF(ISNUMBER(SEARCH(".xml",C1169)),"xml",IF(ISNUMBER(SEARCH(".xls",C1169)),"xls",IF(ISNUMBER(SEARCH(".txt",C1169)),"txt",IF(ISNUMBER(SEARCH(".tsf",C1169)),"tsf",IF(ISNUMBER(SEARCH(".sch",C1169)),"sch","ZIP oder R")))))))))))))))) -> pdf
A1170: P:\I2535F001_KI-Explore\Bohrprotokolle_Schichtenverzeichnisse\K-UTEC_neu\TLUBN\anfrage_2025_02_k-utec\Aufschlussdokumente\753626 | B1170: Behringen_9_1964 | C1170: 178194.xls | D1170: =IF(ISNUMBER(SEARCH(".pdf",C1170)),"pdf",IF(ISNUMBER(SEARCH(".tif",C1170)),"tif",IF(ISNUMBER(SEARCH(".las",C1170)),"las",IF(ISNUMBER(SEARCH(".sdg",C1170)),"sdg",IF(ISNUMBER(SEARCH(".xlsx",C1170)),"xlsx",IF(ISNUMBER(SEARCH(".docx",C1170)),"docx",IF(ISNUMBER(SEARCH(".rhistory",C1170)),"rhistory",IF(ISNUMBER(SEARCH(".db",C1170)),"db",IF(ISNUMBER(SEARCH(".jpg",C1170)),"jpg",IF(ISNUMBER(SEARCH(".png",C1170)),"png",IF(ISNUMBER(SEARCH(".mdb",C1170)),"mdb",IF(ISNUMBER(SEARCH(".xml",C1170)),"xml",IF(ISNUMBER(SEARCH(".xls",C1170)),"xls",IF(ISNUMBER(SEARCH(".txt",C1170)),"txt",IF(ISNUMBER(SEARCH(".tsf",C1170)),"tsf",IF(ISNUMBER(SEARCH(".sch",C1170)),"sch","ZIP oder R")))))))))))))))) -> xls
A1171: P:\I2535F001_KI-Explore\Bohrprotokolle_Schichtenverzeichnisse\K-UTEC_neu\TLUBN\anfrage_2025_02_k-utec\Aufschlussdokumente\753626 | B1171: Behringen_9_1964 | C1171: 179361.jpg | D1171: =IF(ISNUMBER(SEARCH(".pdf",C1171)),"pdf",IF(ISNUMBER(SEARCH(".tif",C1171)),"tif",IF(ISNUMBER(SEARCH(".las",C1171)),"las",IF(ISNUMBER(SEARCH(".sdg",C1171)),"sdg",IF(ISNUMBER(SEARCH(".xlsx",C1171)),"xlsx",IF(ISNUMBER(SEARCH(".docx",C1171)),"docx",IF(ISNUMBER(SEARCH(".rhistory",C1171)),"rhistory",IF(ISNUMBER(SEARCH(".db",C1171)),"db",IF(ISNUMBER(SEARCH(".jpg",C1171)),"jpg",IF(ISNUMBER(SEARCH(".png",C1171)),"png",IF(ISNUMBER(SEARCH(".mdb",C1171)),"mdb",IF(ISNUMBER(SEARCH(".xml",C1171)),"xml",IF(ISNUMBER(SEARCH(".xls",C1171)),"xls",IF(ISNUMBER(SEARCH(".txt",C1171)),"txt",IF(ISNUMBER(SEARCH(".tsf",C1171)),"tsf",IF(ISNUMBER(SEARCH(".sch",C1171)),"sch","ZIP oder R")))))))))))))))) -> jpg
A1172: P:\I2535F001_KI-Explore\Bohrprotokolle_Schichtenverzeichnisse\K-UTEC_neu\TLUBN\anfrage_2025_02_k-utec\Aufschlussdokumente\753626 | B1172: Behringen_9_1964 | C1172: 179362.jpg | D1172: =IF(ISNUMBER(SEARCH(".pdf",C1172)),"pdf",IF(ISNUMBER(SEARCH(".tif",C1172)),"tif",IF(ISNUMBER(SEARCH(".las",C1172)),"las",IF(ISNUMBER(SEARCH(".sdg",C1172)),"sdg",IF(ISNUMBER(SEARCH(".xlsx",C1172)),"xlsx",IF(ISNUMBER(SEARCH(".docx",C1172)),"docx",IF(ISNUMBER(SEARCH(".rhistory",C1172)),"rhistory",IF(ISNUMBER(SEARCH(".db",C1172)),"db",IF(ISNUMBER(SEARCH(".jpg",C1172)),"jpg",IF(ISNUMBER(SEARCH(".png",C1172)),"png",IF(ISNUMBER(SEARCH(".mdb",C1172)),"mdb",IF(ISNUMBER(SEARCH(".xml",C1172)),"xml",IF(ISNUMBER(SEARCH(".xls",C1172)),"xls",IF(ISNUMBER(SEARCH(".txt",C1172)),"txt",IF(ISNUMBER(SEARCH(".tsf",C1172)),"tsf",IF(ISNUMBER(SEARCH(".sch",C1172)),"sch","ZIP oder R")))))))))))))))) -> jpg
A1173: P:\I2535F001_KI-Explore\Bohrprotokolle_Schichtenverzeichnisse\K-UTEC_neu\TLUBN\anfrage_2025_02_k-utec\Aufschlussdokumente\753626 | B1173: Behringen_9_1964 | C1173: 179363.jpg | D1173: =IF(ISNUMBER(SEARCH(".pdf",C1173)),"pdf",IF(ISNUMBER(SEARCH(".tif",C1173)),"tif",IF(ISNUMBER(SEARCH(".las",C1173)),"las",IF(ISNUMBER(SEARCH(".sdg",C1173)),"sdg",IF(ISNUMBER(SEARCH(".xlsx",C1173)),"xlsx",IF(ISNUMBER(SEARCH(".docx",C1173)),"docx",IF(ISNUMBER(SEARCH(".rhistory",C1173)),"rhistory",IF(ISNUMBER(SEARCH(".db",C1173)),"db",IF(ISNUMBER(SEARCH(".jpg",C1173)),"jpg",IF(ISNUMBER(SEARCH(".png",C1173)),"png",IF(ISNUMBER(SEARCH(".mdb",C1173)),"mdb",IF(ISNUMBER(SEARCH(".xml",C1173)),"xml",IF(ISNUMBER(SEARCH(".xls",C1173)),"xls",IF(ISNUMBER(SEARCH(".txt",C1173)),"txt",IF(ISNUMBER(SEARCH(".tsf",C1173)),"tsf",IF(ISNUMBER(SEARCH(".sch",C1173)),"sch","ZIP oder R")))))))))))))))) -> jpg
A1174: P:\I2535F001_KI-Explore\Bohrprotokolle_Schichtenverzeichnisse\K-UTEC_neu\TLUBN\anfrage_2025_02_k-utec\Aufschlussdokumente\753626 | B1174: Behringen_9_1964 | C1174: 179364.jpg | D1174: =IF(ISNUMBER(SEARCH(".pdf",C1174)),"pdf",IF(ISNUMBER(SEARCH(".tif",C1174)),"tif",IF(ISNUMBER(SEARCH(".las",C1174)),"las",IF(ISNUMBER(SEARCH(".sdg",C1174)),"sdg",IF(ISNUMBER(SEARCH(".xlsx",C1174)),"xlsx",IF(ISNUMBER(SEARCH(".docx",C1174)),"docx",IF(ISNUMBER(SEARCH(".rhistory",C1174)),"rhistory",IF(ISNUMBER(SEARCH(".db",C1174)),"db",IF(ISNUMBER(SEARCH(".jpg",C1174)),"jpg",IF(ISNUMBER(SEARCH(".png",C1174)),"png",IF(ISNUMBER(SEARCH(".mdb",C1174)),"mdb",IF(ISNUMBER(SEARCH(".xml",C1174)),"xml",IF(ISNUMBER(SEARCH(".xls",C1174)),"xls",IF(ISNUMBER(SEARCH(".txt",C1174)),"txt",IF(ISNUMBER(SEARCH(".tsf",C1174)),"tsf",IF(ISNUMBER(SEARCH(".sch",C1174)),"sch","ZIP oder R")))))))))))))))) -> jpg
... A2441: P:\I2535F001_KI-Explore\Bohrprotokolle_Schichtenverzeichnisse\Zoppoten_3_1964 | B2441: Zoppoten_3_1964 | C2441: Zoppoten_3_1964.xlsx | D2441: =IF(ISNUMBER(SEARCH(".pdf",C2441)),"pdf",IF(ISNUMBER(SEARCH(".tif",C2441)),"tif",IF(ISNUMBER(SEARCH(".las",C2441)),"las",IF(ISNUMBER(SEARCH(".sdg",C2441)),"sdg",IF(ISNUMBER(SEARCH(".xlsx",C2441)),"xlsx",IF(ISNUMBER(SEARCH(".docx",C2441)),"docx",IF(ISNUMBER(SEARCH(".rhistory",C2441)),"rhistory",IF(ISNUMBER(SEARCH(".db",C2441)),"db",IF(ISNUMBER(SEARCH(".jpg",C2441)),"jpg",IF(ISNUMBER(SEARCH(".png",C2441)),"png",IF(ISNUMBER(SEARCH(".mdb",C2441)),"mdb",IF(ISNUMBER(SEARCH(".xml",C2441)),"xml",IF(ISNUMBER(SEARCH(".xls",C2441)),"xls",IF(ISNUMBER(SEARCH(".txt",C2441)),"txt",IF(ISNUMBER(SEARCH(".tsf",C2441)),"tsf",IF(ISNUMBER(SEARCH(".sch",C2441)),"sch","ZIP oder R")))))))))))))))) -> xlsx

Sheet Bohrungen
A1: ID | B1: Bohrungen | C1: pdf | D1: tif | E1: sdg | F1: xlsx | G1: docx | H1: las | I1: db | J1: rhistory | K1: mdb | L1: xml | M1: jpg | N1: png | O1: xls | P1: txt | Q1: ZIP oder R | R1: tsf | S1: sch | U1: Kategorie | V1: Kategorie_ID
A2: 1 | B2: Allmenhausen_10_1960 | C2: =IF(SUMPRODUCT(('alle Dateien'!B:B=Bohrungen!B2)*('alle Dateien'!D:D="pdf"))>0,1,0) -> 1 | D2: =IF(SUMPRODUCT(('alle Dateien'!B:B=Bohrungen!B2)*('alle Dateien'!D:D="tif"))>0,1,0) -> 1 | E2: =IF(SUMPRODUCT(('alle Dateien'!B:B=Bohrungen!B2)*('alle Dateien'!D:D="sdg"))>0,1,0) -> 0 | F2: =IF(SUMPRODUCT(('alle Dateien'!B:B=Bohrungen!B2)*('alle Dateien'!D:D="xlsx"))>0,1,0) -> 0 | G2: =IF(SUMPRODUCT(('alle Dateien'!B:B=Bohrungen!B2)*('alle Dateien'!D:D="docx"))>0,1,0) -> 0 | H2: =IF(SUMPRODUCT(('alle Dateien'!B:B=Bohrungen!B2)*('alle Dateien'!D:D="las"))>0,1,0) -> 0 | I2: =IF(SUMPRODUCT(('alle Dateien'!B:B=Bohrungen!B2)*('alle Dateien'!D:D="db"))>0,1,0) -> 0 | J2: =IF(SUMPRODUCT(('alle Dateien'!B:B=Bohrungen!B2)*('alle Dateien'!D:D="rhistory"))>0,1,0) -> 0 | K2: =IF(SUMPRODUCT(('alle Dateien'!B:B=Bohrungen!B2)*('alle Dateien'!D:D="mdb"))>0,1,0) -> 0 | L2: =IF(SUMPRODUCT(('alle Dateien'!B:B=Bohrungen!B2)*('alle Dateien'!D:D="xml"))>0,1,0) -> 0 | M2: =IF(SUMPRODUCT(('alle Dateien'!B:B=Bohrungen!B2)*('alle Dateien'!D:D="jpg"))>0,1,0) -> 0 | N2: =IF(SUMPRODUCT(('alle Dateien'!B:B=Bohrungen!B2)*('alle Dateien'!D:D="png"))>0,1,0) -> 0 | O2: =IF(SUMPRODUCT(('alle Dateien'!B:B=Bohrungen!B2)*('alle Dateien'!D:D="xls"))>0,1,0) -> 0 | P2: =IF(SUMPRODUCT(('alle Dateien'!B:B=Bohrungen!B2)*('alle Dateien'!D:D="txt"))>0,1,0) -> 0 | Q2: =IF(SUMPRODUCT(('alle Dateien'!B:B=Bohrungen!B2)*('alle Dateien'!D:D="ZIP oder R"))>0,1,0) -> 0 | R2: =IF(SUMPRODUCT(('alle Dateien'!B:B=Bohrungen!B2)*('alle Dateien'!D:D="tsf"))>0,1,0) -> 0 | S2: =IF(SUMPRODUCT(('alle Dateien'!B:B=Bohrungen!B2)*('alle Dateien'!D:D="sch"))>0,1,0) -> 0 | U2: =CONCATENATE(C2,D2,E2,F2,G2,H2,I2,J2,K2,L2,M2,N2,O2,P2,Q2,R2,S2,) -> 11000000000000000 | V2: =VLOOKUP(U2,Kategorie!B:C,2,FALSE) -> pdf/ tif
A3: 2 | B3: Allmenhausen_11_1960 | C3: =IF(SUMPRODUCT(('alle Dateien'!B:B=Bohrungen!B3)*('alle Dateien'!D:D="pdf"))>0,1,0) -> 1 | D3: =IF(SUMPRODUCT(('alle Dateien'!B:B=Bohrungen!B3)*('alle Dateien'!D:D="tif"))>0,1,0) -> 0 | E3: =IF(SUMPRODUCT(('alle Dateien'!B:B=Bohrungen!B3)*('alle Dateien'!D:D="sdg"))>0,1,0) -> 0 | F3: =IF(SUMPRODUCT(('alle Dateien'!B:B=Bohrungen!B3)*('alle Dateien'!D:D="xlsx"))>0,1,0) -> 0 | G3: =IF(SUMPRODUCT(('alle Dateien'!B:B=Bohrungen!B3)*('alle Dateien'!D:D="docx"))>0,1,0) -> 0 | H3: =IF(SUMPRODUCT(('alle Dateien'!B:B=Bohrungen!B3)*('alle Dateien'!D:D="las"))>0,1,0) -> 0 | I3: =IF(SUMPRODUCT(('alle Dateien'!B:B=Bohrungen!B3)*('alle Dateien'!D:D="db"))>0,1,0) -> 0 | J3: =IF(SUMPRODUCT(('alle Dateien'!B:B=Bohrungen!B3)*('alle Dateien'!D:D="rhistory"))>0,1,0) -> 0 | K3: =IF(SUMPRODUCT(('alle Dateien'!B:B=Bohrungen!B3)*('alle Dateien'!D:D="mdb"))>0,1,0) -> 0 | L3: =IF(SUMPRODUCT(('alle Dateien'!B:B=Bohrungen!B3)*('alle Dateien'!D:D="xml"))>0,1,0) -> 0 | M3: =IF(SUMPRODUCT(('alle Dateien'!B:B=Bohrungen!B3)*('alle Dateien'!D:D="jpg"))>0,1,0) -> 0 | N3: =IF(SUMPRODUCT(('alle Dateien'!B:B=Bohrungen!B3)*('alle Dateien'!D:D="png"))>0,1,0) -> 0 | O3: =IF(SUMPRODUCT(('alle Dateien'!B:B=Bohrungen!B3)*('alle Dateien'!D:D="xls"))>0,1,0) -> 0 | P3: =IF(SUMPRODUCT(('alle Dateien'!B:B=Bohrungen!B3)*('alle Dateien'!D:D="txt"))>0,1,0) -> 0 | Q3: =IF(SUMPRODUCT(('alle Dateien'!B:B=Bohrungen!B3)*('alle Dateien'!D:D="ZIP oder R"))>0,1,0) -> 0 | R3: =IF(SUMPRODUCT(('alle Dateien'!B:B=Bohrungen!B3)*('alle Dateien'!D:D="tsf"))>0,1,0) -> 0 | S3: =IF(SUMPRODUCT(('alle Dateien'!B:B=Bohrungen!B3)*('alle Dateien'!D:D="sch"))>0,1,0) -> 0 | U3: =CONCATENATE(C3,D3,E3,F3,G3,H3,I3,J3,K3,L3,M3,N3,O3,P3,Q3,R3,S3,) -> 10000000000000000 | V3: =VLOOKUP(U3,Kategorie!B:C,2,FALSE) -> pdf
A4: 3 | B4: Allmenhausen_2_1959 | C4: =IF(SUMPRODUCT(('alle Dateien'!B:B=Bohrungen!B4)*('alle Dateien'!D:D="pdf"))>0,1,0) -> 1 | D4: =IF(SUMPRODUCT(('alle Dateien'!B:B=Bohrungen!B4)*('alle Dateien'!D:D="tif"))>0,1,0) -> 0 | E4: =IF(SUMPRODUCT(('alle Dateien'!B:B=Bohrungen!B4)*('alle Dateien'!D:D="sdg"))>0,1,0) -> 0 | F4: =IF(SUMPRODUCT(('alle Dateien'!B:B=Bohrungen!B4)*('alle Dateien'!D:D="xlsx"))>0,1,0) -> 0 | G4: =IF(SUMPRODUCT(('alle Dateien'!B:B=Bohrungen!B4)*('alle Dateien'!D:D="docx"))>0,1,0) -> 0 | H4: =IF(SUMPRODUCT(('alle Dateien'!B:B=Bohrungen!B4)*('alle Dateien'!D:D="las"))>0,1,0) -> 0 | I4: =IF(SUMPRODUCT(('alle Dateien'!B:B=Bohrungen!B4)*('alle Dateien'!D:D="db"))>0,1,0) -> 0 | J4: =IF(SUMPRODUCT(('alle Dateien'!B:B=Bohrungen!B4)*('alle Dateien'!D:D="rhistory"))>0,1,0) -> 0 | K4: =IF(SUMPRODUCT(('alle Dateien'!B:B=Bohrungen!B4)*('alle Dateien'!D:D="mdb"))>0,1,0) -> 0 | L4: =IF(SUMPRODUCT(('alle Dateien'!B:B=Bohrungen!B4)*('alle Dateien'!D:D="xml"))>0,1,0) -> 0 | M4: =IF(SUMPRODUCT(('alle Dateien'!B:B=Bohrungen!B4)*('alle Dateien'!D:D="jpg"))>0,1,0) -> 0 | N4: =IF(SUMPRODUCT(('alle Dateien'!B:B=Bohrungen!B4)*('alle Dateien'!D:D="png"))>0,1,0) -> 0 | O4: =IF(SUMPRODUCT(('alle Dateien'!B:B=Bohrungen!B4)*('alle Dateien'!D:D="xls"))>0,1,0) -> 0 | P4: =IF(SUMPRODUCT(('alle Dateien'!B:B=Bohrungen!B4)*('alle Dateien'!D:D="txt"))>0,1,0) -> 0 | Q4: =IF(SUMPRODUCT(('alle Dateien'!B:B=Bohrungen!B4)*('alle Dateien'!D:D="ZIP oder R"))>0,1,0) -> 0 | R4: =IF(SUMPRODUCT(('alle Dateien'!B:B=Bohrungen!B4)*('alle Dateien'!D:D="tsf"))>0,1,0) -> 0 | S4: =IF(SUMPRODUCT(('alle Dateien'!B:B=Bohrungen!B4)*('alle Dateien'!D:D="sch"))>0,1,0) -> 0 | U4: =CONCATENATE(C4,D4,E4,F4,G4,H4,I4,J4,K4,L4,M4,N4,O4,P4,Q4,R4,S4,) -> 10000000000000000 | V4: =VLOOKUP(U4,Kategorie!B:C,2,FALSE) -> pdf
A5: 4 | B5: Allmenhausen_32_1968 | C5: =IF(SUMPRODUCT(('alle Dateien'!B:B=Bohrungen!B5)*('alle Dateien'!D:D="pdf"))>0,1,0) -> 1 | D5: =IF(SUMPRODUCT(('alle Dateien'!B:B=Bohrungen!B5)*('alle Dateien'!D:D="tif"))>0,1,0) -> 0 | E5: =IF(SUMPRODUCT(('alle Dateien'!B:B=Bohrungen!B5)*('alle Dateien'!D:D="sdg"))>0,1,0) -> 0 | F5: =IF(SUMPRODUCT(('alle Dateien'!B:B=Bohrungen!B5)*('alle Dateien'!D:D="xlsx"))>0,1,0) -> 0 | G5: =IF(SUMPRODUCT(('alle Dateien'!B:B=Bohrungen!B5)*('alle Dateien'!D:D="docx"))>0,1,0) -> 0 | H5: =IF(SUMPRODUCT(('alle Dateien'!B:B=Bohrungen!B5)*('alle Dateien'!D:D="las"))>0,1,0) -> 0 | I5: =IF(SUMPRODUCT(('alle Dateien'!B:B=Bohrungen!B5)*('alle Dateien'!D:D="db"))>0,1,0) -> 0 | J5: =IF(SUMPRODUCT(('alle Dateien'!B:B=Bohrungen!B5)*('alle Dateien'!D:D="rhistory"))>0,1,0) -> 0 | K5: =IF(SUMPRODUCT(('alle Dateien'!B:B=Bohrungen!B5)*('alle Dateien'!D:D="mdb"))>0,1,0) -> 0 | L5: =IF(SUMPRODUCT(('alle Dateien'!B:B=Bohrungen!B5)*('alle Dateien'!D:D="xml"))>0,1,0) -> 0 | M5: =IF(SUMPRODUCT(('alle Dateien'!B:B=Bohrungen!B5)*('alle Dateien'!D:D="jpg"))>0,1,0) -> 0 | N5: =IF(SUMPRODUCT(('alle Dateien'!B:B=Bohrungen!B5)*('alle Dateien'!D:D="png"))>0,1,0) -> 0 | O5: =IF(SUMPRODUCT(('alle Dateien'!B:B=Bohrungen!B5)*('alle Dateien'!D:D="xls"))>0,1,0) -> 0 | P5: =IF(SUMPRODUCT(('alle Dateien'!B:B=Bohrungen!B5)*('alle Dateien'!D:D="txt"))>0,1,0) -> 0 | Q5: =IF(SUMPRODUCT(('alle Dateien'!B:B=Bohrungen!B5)*('alle Dateien'!D:D="ZIP oder R"))>0,1,0) -> 0 | R5: =IF(SUMPRODUCT(('alle Dateien'!B:B=Bohrungen!B5)*('alle Dateien'!D:D="tsf"))>0,1,0) -> 0 | S5: =IF(SUMPRODUCT(('alle Dateien'!B:B=Bohrungen!B5)*('alle Dateien'!D:D="sch"))>0,1,0) -> 0 | U5: =CONCATENATE(C5,D5,E5,F5,G5,H5,I5,J5,K5,L5,M5,N5,O5,P5,Q5,R5,S5,) -> 10000000000000000 | V5: =VLOOKUP(U5,Kategorie!B:C,2,FALSE) -> pdf
A6: 5 | B6: Allmenhausen_33_1968 | C6: =IF(SUMPRODUCT(('alle Dateien'!B:B=Bohrungen!B6)*('alle Dateien'!D:D="pdf"))>0,1,0) -> 1 | D6: =IF(SUMPRODUCT(('alle Dateien'!B:B=Bohrungen!B6)*('alle Dateien'!D:D="tif"))>0,1,0) -> 0 | E6: =IF(SUMPRODUCT(('alle Dateien'!B:B=Bohrungen!B6)*('alle Dateien'!D:D="sdg"))>0,1,0) -> 0 | F6: =IF(SUMPRODUCT(('alle Dateien'!B:B=Bohrungen!B6)*('alle Dateien'!D:D="xlsx"))>0,1,0) -> 0 | G6: =IF(SUMPRODUCT(('alle Dateien'!B:B=Bohrungen!B6)*('alle Dateien'!D:D="docx"))>0,1,0) -> 0 | H6: =IF(SUMPRODUCT(('alle Dateien'!B:B=Bohrungen!B6)*('alle Dateien'!D:D="las"))>0,1,0) -> 0 | I6: =IF(SUMPRODUCT(('alle Dateien'!B:B=Bohrungen!B6)*('alle Dateien'!D:D="db"))>0,1,0) -> 0 | J6: =IF(SUMPRODUCT(('alle Dateien'!B:B=Bohrungen!B6)*('alle Dateien'!D:D="rhistory"))>0,1,0) -> 0 | K6: =IF(SUMPRODUCT(('alle Dateien'!B:B=Bohrungen!B6)*('alle Dateien'!D:D="mdb"))>0,1,0) -> 0 | L6: =IF(SUMPRODUCT(('alle Dateien'!B:B=Bohrungen!B6)*('alle Dateien'!D:D="xml"))>0,1,0) -> 0 | M6: =IF(SUMPRODUCT(('alle Dateien'!B:B=Bohrungen!B6)*('alle Dateien'!D:D="jpg"))>0,1,0) -> 0 | N6: =IF(SUMPRODUCT(('alle Dateien'!B:B=Bohrungen!B6)*('alle Dateien'!D:D="png"))>0,1,0) -> 0 | O6: =IF(SUMPRODUCT(('alle Dateien'!B:B=Bohrungen!B6)*('alle Dateien'!D:D="xls"))>0,1,0) -> 0 | P6: =IF(SUMPRODUCT(('alle Dateien'!B:B=Bohrungen!B6)*('alle Dateien'!D:D="txt"))>0,1,0) -> 0 | Q6: =IF(SUMPRODUCT(('alle Dateien'!B:B=Bohrungen!B6)*('alle Dateien'!D:D="ZIP oder R"))>0,1,0) -> 0 | R6: =IF(SUMPRODUCT(('alle Dateien'!B:B=Bohrungen!B6)*('alle Dateien'!D:D="tsf"))>0,1,0) -> 0 | S6: =IF(SUMPRODUCT(('alle Dateien'!B:B=Bohrungen!B6)*('alle Dateien'!D:D="sch"))>0,1,0) -> 0 | U6: =CONCATENATE(C6,D6,E6,F6,G6,H6,I6,J6,K6,L6,M6,N6,O6,P6,Q6,R6,S6,) -> 10000000000000000 | V6: =VLOOKUP(U6,Kategorie!B:C,2,FALSE) -> pdf
A7: 6 | B7: Allmenhausen_34_1969 | C7: =IF(SUMPRODUCT(('alle Dateien'!B:B=Bohrungen!B7)*('alle Dateien'!D:D="pdf"))>0,1,0) -> 1 | D7: =IF(SUMPRODUCT(('alle Dateien'!B:B=Bohrungen!B7)*('alle Dateien'!D:D="tif"))>0,1,0) -> 0 | E7: =IF(SUMPRODUCT(('alle Dateien'!B:B=Bohrungen!B7)*('alle Dateien'!D:D="sdg"))>0,1,0) -> 0 | F7: =IF(SUMPRODUCT(('alle Dateien'!B:B=Bohrungen!B7)*('alle Dateien'!D:D="xlsx"))>0,1,0) -> 0 | G7: =IF(SUMPRODUCT(('alle Dateien'!B:B=Bohrungen!B7)*('alle Dateien'!D:D="docx"))>0,1,0) -> 0 | H7: =IF(SUMPRODUCT(('alle Dateien'!B:B=Bohrungen!B7)*('alle Dateien'!D:D="las"))>0,1,0) -> 0 | I7: =IF(SUMPRODUCT(('alle Dateien'!B:B=Bohrungen!B7)*('alle Dateien'!D:D="db"))>0,1,0) -> 0 | J7: =IF(SUMPRODUCT(('alle Dateien'!B:B=Bohrungen!B7)*('alle Dateien'!D:D="rhistory"))>0,1,0) -> 0 | K7: =IF(SUMPRODUCT(('alle Dateien'!B:B=Bohrungen!B7)*('alle Dateien'!D:D="mdb"))>0,1,0) -> 0 | L7: =IF(SUMPRODUCT(('alle Dateien'!B:B=Bohrungen!B7)*('alle Dateien'!D:D="xml"))>0,1,0) -> 0 | M7: =IF(SUMPRODUCT(('alle Dateien'!B:B=Bohrungen!B7)*('alle Dateien'!D:D="jpg"))>0,1,0) -> 0 | N7: =IF(SUMPRODUCT(('alle Dateien'!B:B=Bohrungen!B7)*('alle Dateien'!D:D="png"))>0,1,0) -> 0 | O7: =IF(SUMPRODUCT(('alle Dateien'!B:B=Bohrungen!B7)*('alle Dateien'!D:D="xls"))>0,1,0) -> 0 | P7: =IF(SUMPRODUCT(('alle Dateien'!B:B=Bohrungen!B7)*('alle Dateien'!D:D="txt"))>0,1,0) -> 0 | Q7: =IF(SUMPRODUCT(('alle Dateien'!B:B=Bohrungen!B7)*('alle Dateien'!D:D="ZIP oder R"))>0,1,0) -> 0 | R7: =IF(SUMPRODUCT(('alle Dateien'!B:B=Bohrungen!B7)*('alle Dateien'!D:D="tsf"))>0,1,0) -> 0 | S7: =IF(SUMPRODUCT(('alle Dateien'!B:B=Bohrungen!B7)*('alle Dateien'!D:D="sch"))>0,1,0) -> 0 | U7: =CONCATENATE(C7,D7,E7,F7,G7,H7,I7,J7,K7,L7,M7,N7,O7,P7,Q7,R7,S7,) -> 10000000000000000 | V7: =VLOOKUP(U7,Kategorie!B:C,2,FALSE) -> pdf
A8: 7 | B8: Allmenhausen_35_1969 | C8: =IF(SUMPRODUCT(('alle Dateien'!B:B=Bohrungen!B8)*('alle Dateien'!D:D="pdf"))>0,1,0) -> 1 | D8: =IF(SUMPRODUCT(('alle Dateien'!B:B=Bohrungen!B8)*('alle Dateien'!D:D="tif"))>0,1,0) -> 1 | E8: =IF(SUMPRODUCT(('alle Dateien'!B:B=Bohrungen!B8)*('alle Dateien'!D:D="sdg"))>0,1,0) -> 1 | F8: =IF(SUMPRODUCT(('alle Dateien'!B:B=Bohrungen!B8)*('alle Dateien'!D:D="xlsx"))>0,1,0) -> 1 | G8: =IF(SUMPRODUCT(('alle Dateien'!B:B=Bohrungen!B8)*('alle Dateien'!D:D="docx"))>0,1,0) -> 1 | H8: =IF(SUMPRODUCT(('alle Dateien'!B:B=Bohrungen!B8)*('alle Dateien'!D:D="las"))>0,1,0) -> 1 | I8: =IF(SUMPRODUCT(('alle Dateien'!B:B=Bohrungen!B8)*('alle Dateien'!D:D="db"))>0,1,0) -> 1 | J8: =IF(SUMPRODUCT(('alle Dateien'!B:B=Bohrungen!B8)*('alle Dateien'!D:D="rhistory"))>0,1,0) -> 0 | K8: =IF(SUMPRODUCT(('alle Dateien'!B:B=Bohrungen!B8)*('alle Dateien'!D:D="mdb"))>0,1,0) -> 0 | L8: =IF(SUMPRODUCT(('alle Dateien'!B:B=Bohrungen!B8)*('alle Dateien'!D:D="xml"))>0,1,0) -> 0 | M8: =IF(SUMPRODUCT(('alle Dateien'!B:B=Bohrungen!B8)*('alle Dateien'!D:D="jpg"))>0,1,0) -> 0 | N8: =IF(SUMPRODUCT(('alle Dateien'!B:B=Bohrungen!B8)*('alle Dateien'!D:D="png"))>0,1,0) -> 0 | O8: =IF(SUMPRODUCT(('alle Dateien'!B:B=Bohrungen!B8)*('alle Dateien'!D:D="xls"))>0,1,0) -> 0 | P8: =IF(SUMPRODUCT(('alle Dateien'!B:B=Bohrungen!B8)*('alle Dateien'!D:D="txt"))>0,1,0) -> 0 | Q8: =IF(SUMPRODUCT(('alle Dateien'!B:B=Bohrungen!B8)*('alle Dateien'!D:D="ZIP oder R"))>0,1,0) -> 0 | R8: =IF(SUMPRODUCT(('alle Dateien'!B:B=Bohrungen!B8)*('alle Dateien'!D:D="tsf"))>0,1,0) -> 0 | S8: =IF(SUMPRODUCT(('alle Dateien'!B:B=Bohrungen!B8)*('alle Dateien'!D:D="sch"))>0,1,0) -> 0 | U8: =CONCATENATE(C8,D8,E8,F8,G8,H8,I8,J8,K8,L8,M8,N8,O8,P8,Q8,R8,S8,) -> 11111110000000000 | V8: =VLOOKUP(U8,Kategorie!B:C,2,FALSE) -> pdf/ tif/ sdg/ xlsx/ docx/ las/ db
A9: 8 | B9: Allmenhausen_4_1959 | C9: =IF(SUMPRODUCT(('alle Dateien'!B:B=Bohrungen!B9)*('alle Dateien'!D:D="pdf"))>0,1,0) -> 1 | D9: =IF(SUMPRODUCT(('alle Dateien'!B:B=Bohrungen!B9)*('alle Dateien'!D:D="tif"))>0,1,0) -> 0 | E9: =IF(SUMPRODUCT(('alle Dateien'!B:B=Bohrungen!B9)*('alle Dateien'!D:D="sdg"))>0,1,0) -> 0 | F9: =IF(SUMPRODUCT(('alle Dateien'!B:B=Bohrungen!B9)*('alle Dateien'!D:D="xlsx"))>0,1,0) -> 0 | G9: =IF(SUMPRODUCT(('alle Dateien'!B:B=Bohrungen!B9)*('alle Dateien'!D:D="docx"))>0,1,0) -> 0 | H9: =IF(SUMPRODUCT(('alle Dateien'!B:B=Bohrungen!B9)*('alle Dateien'!D:D="las"))>0,1,0) -> 0 | I9: =IF(SUMPRODUCT(('alle Dateien'!B:B=Bohrungen!B9)*('alle Dateien'!D:D="db"))>0,1,0) -> 0 | J9: =IF(SUMPRODUCT(('alle Dateien'!B:B=Bohrungen!B9)*('alle Dateien'!D:D="rhistory"))>0,1,0) -> 0 | K9: =IF(SUMPRODUCT(('alle Dateien'!B:B=Bohrungen!B9)*('alle Dateien'!D:D="mdb"))>0,1,0) -> 0 | L9: =IF(SUMPRODUCT(('alle Dateien'!B:B=Bohrungen!B9)*('alle Dateien'!D:D="xml"))>0,1,0) -> 0 | M9: =IF(SUMPRODUCT(('alle Dateien'!B:B=Bohrungen!B9)*('alle Dateien'!D:D="jpg"))>0,1,0) -> 0 | N9: =IF(SUMPRODUCT(('alle Dateien'!B:B=Bohrungen!B9)*('alle Dateien'!D:D="png"))>0,1,0) -> 0 | O9: =IF(SUMPRODUCT(('alle Dateien'!B:B=Bohrungen!B9)*('alle Dateien'!D:D="xls"))>0,1,0) -> 0 | P9: =IF(SUMPRODUCT(('alle Dateien'!B:B=Bohrungen!B9)*('alle Dateien'!D:D="txt"))>0,1,0) -> 0 | Q9: =IF(SUMPRODUCT(('alle Dateien'!B:B=Bohrungen!B9)*('alle Dateien'!D:D="ZIP oder R"))>0,1,0) -> 0 | R9: =IF(SUMPRODUCT(('alle Dateien'!B:B=Bohrungen!B9)*('alle Dateien'!D:D="tsf"))>0,1,0) -> 0 | S9: =IF(SUMPRODUCT(('alle Dateien'!B:B=Bohrungen!B9)*('alle Dateien'!D:D="sch"))>0,1,0) -> 0 | U9: =CONCATENATE(C9,D9,E9,F9,G9,H9,I9,J9,K9,L9,M9,N9,O9,P9,Q9,R9,S9,) -> 10000000000000000 | V9: =VLOOKUP(U9,Kategorie!B:C,2,FALSE) -> pdf
A10: 9 | B10: Allmenhausen_5_1962 | C10: =IF(SUMPRODUCT(('alle Dateien'!B:B=Bohrungen!B10)*('alle Dateien'!D:D="pdf"))>0,1,0) -> 1 | D10: =IF(SUMPRODUCT(('alle Dateien'!B:B=Bohrungen!B10)*('alle Dateien'!D:D="tif"))>0,1,0) -> 0 | E10: =IF(SUMPRODUCT(('alle Dateien'!B:B=Bohrungen!B10)*('alle Dateien'!D:D="sdg"))>0,1,0) -> 1 | F10: =IF(SUMPRODUCT(('alle Dateien'!B:B=Bohrungen!B10)*('alle Dateien'!D:D="xlsx"))>0,1,0) -> 1 | G10: =IF(SUMPRODUCT(('alle Dateien'!B:B=Bohrungen!B10)*('alle Dateien'!D:D="docx"))>0,1,0) -> 0 | H10: =IF(SUMPRODUCT(('alle Dateien'!B:B=Bohrungen!B10)*('alle Dateien'!D:D="las"))>0,1,0) -> 1 | I10: =IF(SUMPRODUCT(('alle Dateien'!B:B=Bohrungen!B10)*('alle Dateien'!D:D="db"))>0,1,0) -> 0 | J10: =IF(SUMPRODUCT(('alle Dateien'!B:B=Bohrungen!B10)*('alle Dateien'!D:D="rhistory"))>0,1,0) -> 1 | K10: =IF(SUMPRODUCT(('alle Dateien'!B:B=Bohrungen!B10)*('alle Dateien'!D:D="mdb"))>0,1,0) -> 0 | L10: =IF(SUMPRODUCT(('alle Dateien'!B:B=Bohrungen!B10)*('alle Dateien'!D:D="xml"))>0,1,0) -> 0 | M10: =IF(SUMPRODUCT(('alle Dateien'!B:B=Bohrungen!B10)*('alle Dateien'!D:D="jpg"))>0,1,0) -> 0 | N10: =IF(SUMPRODUCT(('alle Dateien'!B:B=Bohrungen!B10)*('alle Dateien'!D:D="png"))>0,1,0) -> 0 | O10: =IF(SUMPRODUCT(('alle Dateien'!B:B=Bohrungen!B10)*('alle Dateien'!D:D="xls"))>0,1,0) -> 0 | P10: =IF(SUMPRODUCT(('alle Dateien'!B:B=Bohrungen!B10)*('alle Dateien'!D:D="txt"))>0,1,0) -> 0 | Q10: =IF(SUMPRODUCT(('alle Dateien'!B:B=Bohrungen!B10)*('alle Dateien'!D:D="ZIP oder R"))>0,1,0) -> 0 | R10: =IF(SUMPRODUCT(('alle Dateien'!B:B=Bohrungen!B10)*('alle Dateien'!D:D="tsf"))>0,1,0) -> 0 | S10: =IF(SUMPRODUCT(('alle Dateien'!B:B=Bohrungen!B10)*('alle Dateien'!D:D="sch"))>0,1,0) -> 0 | U10: =CONCATENATE(C10,D10,E10,F10,G10,H10,I10,J10,K10,L10,M10,N10,O10,P10,Q10,R10,S10,) -> 10110101000000000 | V10: =VLOOKUP(U10,Kategorie!B:C,2,FALSE) -> pdf/ sdg/ xlsx/ las/ rhistory
A11: 10 | B11: Allmenhausen_6_1960 | C11: =IF(SUMPRODUCT(('alle Dateien'!B:B=Bohrungen!B11)*('alle Dateien'!D:D="pdf"))>0,1,0) -> 1 | D11: =IF(SUMPRODUCT(('alle Dateien'!B:B=Bohrungen!B11)*('alle Dateien'!D:D="tif"))>0,1,0) -> 0 | E11: =IF(SUMPRODUCT(('alle Dateien'!B:B=Bohrungen!B11)*('alle Dateien'!D:D="sdg"))>0,1,0) -> 0 | F11: =IF(SUMPRODUCT(('alle Dateien'!B:B=Bohrungen!B11)*('alle Dateien'!D:D="xlsx"))>0,1,0) -> 0 | G11: =IF(SUMPRODUCT(('alle Dateien'!B:B=Bohrungen!B11)*('alle Dateien'!D:D="docx"))>0,1,0) -> 0 | H11: =IF(SUMPRODUCT(('alle Dateien'!B:B=Bohrungen!B11)*('alle Dateien'!D:D="las"))>0,1,0) -> 0 | I11: =IF(SUMPRODUCT(('alle Dateien'!B:B=Bohrungen!B11)*('alle Dateien'!D:D="db"))>0,1,0) -> 0 | J11: =IF(SUMPRODUCT(('alle Dateien'!B:B=Bohrungen!B11)*('alle Dateien'!D:D="rhistory"))>0,1,0) -> 0 | K11: =IF(SUMPRODUCT(('alle Dateien'!B:B=Bohrungen!B11)*('alle Dateien'!D:D="mdb"))>0,1,0) -> 0 | L11: =IF(SUMPRODUCT(('alle Dateien'!B:B=Bohrungen!B11)*('alle Dateien'!D:D="xml"))>0,1,0) -> 0 | M11: =IF(SUMPRODUCT(('alle Dateien'!B:B=Bohrungen!B11)*('alle Dateien'!D:D="jpg"))>0,1,0) -> 0 | N11: =IF(SUMPRODUCT(('alle Dateien'!B:B=Bohrungen!B11)*('alle Dateien'!D:D="png"))>0,1,0) -> 0 | O11: =IF(SUMPRODUCT(('alle Dateien'!B:B=Bohrungen!B11)*('alle Dateien'!D:D="xls"))>0,1,0) -> 0 | P11: =IF(SUMPRODUCT(('alle Dateien'!B:B=Bohrungen!B11)*('alle Dateien'!D:D="txt"))>0,1,0) -> 0 | Q11: =IF(SUMPRODUCT(('alle Dateien'!B:B=Bohrungen!B11)*('alle Dateien'!D:D="ZIP oder R"))>0,1,0) -> 0 | R11: =IF(SUMPRODUCT(('alle Dateien'!B:B=Bohrungen!B11)*('alle Dateien'!D:D="tsf"))>0,1,0) -> 0 | S11: =IF(SUMPRODUCT(('alle Dateien'!B:B=Bohrungen!B11)*('alle Dateien'!D:D="sch"))>0,1,0) -> 0 | U11: =CONCATENATE(C11,D11,E11,F11,G11,H11,I11,J11,K11,L11,M11,N11,O11,P11,Q11,R11,S11,) -> 10000000000000000 | V11: =VLOOKUP(U11,Kategorie!B:C,2,FALSE) -> pdf
A12: 11 | B12: Allmenhausen_8_1960 | C12: =IF(SUMPRODUCT(('alle Dateien'!B:B=Bohrungen!B12)*('alle Dateien'!D:D="pdf"))>0,1,0) -> 1 | D12: =IF(SUMPRODUCT(('alle Dateien'!B:B=Bohrungen!B12)*('alle Dateien'!D:D="tif"))>0,1,0) -> 0 | E12: =IF(SUMPRODUCT(('alle Dateien'!B:B=Bohrungen!B12)*('alle Dateien'!D:D="sdg"))>0,1,0) -> 0 | F12: =IF(SUMPRODUCT(('alle Dateien'!B:B=Bohrungen!B12)*('alle Dateien'!D:D="xlsx"))>0,1,0) -> 0 | G12: =IF(SUMPRODUCT(('alle Dateien'!B:B=Bohrungen!B12)*('alle Dateien'!D:D="docx"))>0,1,0) -> 0 | H12: =IF(SUMPRODUCT(('alle Dateien'!B:B=Bohrungen!B12)*('alle Dateien'!D:D="las"))>0,1,0) -> 0 | I12: =IF(SUMPRODUCT(('alle Dateien'!B:B=Bohrungen!B12)*('alle Dateien'!D:D="db"))>0,1,0) -> 0 | J12: =IF(SUMPRODUCT(('alle Dateien'!B:B=Bohrungen!B12)*('alle Dateien'!D:D="rhistory"))>0,1,0) -> 0 | K12: =IF(SUMPRODUCT(('alle Dateien'!B:B=Bohrungen!B12)*('alle Dateien'!D:D="mdb"))>0,1,0) -> 0 | L12: =IF(SUMPRODUCT(('alle Dateien'!B:B=Bohrungen!B12)*('alle Dateien'!D:D="xml"))>0,1,0) -> 0 | M12: =IF(SUMPRODUCT(('alle Dateien'!B:B=Bohrungen!B12)*('alle Dateien'!D:D="jpg"))>0,1,0) -> 0 | N12: =IF(SUMPRODUCT(('alle Dateien'!B:B=Bohrungen!B12)*('alle Dateien'!D:D="png"))>0,1,0) -> 0 | O12: =IF(SUMPRODUCT(('alle Dateien'!B:B=Bohrungen!B12)*('alle Dateien'!D:D="xls"))>0,1,0) -> 0 | P12: =IF(SUMPRODUCT(('alle Dateien'!B:B=Bohrungen!B12)*('alle Dateien'!D:D="txt"))>0,1,0) -> 0 | Q12: =IF(SUMPRODUCT(('alle Dateien'!B:B=Bohrungen!B12)*('alle Dateien'!D:D="ZIP oder R"))>0,1,0) -> 0 | R12: =IF(SUMPRODUCT(('alle Dateien'!B:B=Bohrungen!B12)*('alle Dateien'!D:D="tsf"))>0,1,0) -> 0 | S12: =IF(SUMPRODUCT(('alle Dateien'!B:B=Bohrungen!B12)*('alle Dateien'!D:D="sch"))>0,1,0) -> 0 | U12: =CONCATENATE(C12,D12,E12,F12,G12,H12,I12,J12,K12,L12,M12,N12,O12,P12,Q12,R12,S12,) -> 10000000000000000 | V12: =VLOOKUP(U12,Kategorie!B:C,2,FALSE) -> pdf
A13: 12 | B13: Altengottern_102E_1958 | C13: =IF(SUMPRODUCT(('alle Dateien'!B:B=Bohrungen!B13)*('alle Dateien'!D:D="pdf"))>0,1,0) -> 0 | D13: =IF(SUMPRODUCT(('alle Dateien'!B:B=Bohrungen!B13)*('alle Dateien'!D:D="tif"))>0,1,0) -> 0 | E13: =IF(SUMPRODUCT(('alle Dateien'!B:B=Bohrungen!B13)*('alle Dateien'!D:D="sdg"))>0,1,0) -> 1 | F13: =IF(SUMPRODUCT(('alle Dateien'!B:B=Bohrungen!B13)*('alle Dateien'!D:D="xlsx"))>0,1,0) -> 1 | G13: =IF(SUMPRODUCT(('alle Dateien'!B:B=Bohrungen!B13)*('alle Dateien'!D:D="docx"))>0,1,0) -> 0 | H13: =IF(SUMPRODUCT(('alle Dateien'!B:B=Bohrungen!B13)*('alle Dateien'!D:D="las"))>0,1,0) -> 1 | I13: =IF(SUMPRODUCT(('alle Dateien'!B:B=Bohrungen!B13)*('alle Dateien'!D:D="db"))>0,1,0) -> 0 | J13: =IF(SUMPRODUCT(('alle Dateien'!B:B=Bohrungen!B13)*('alle Dateien'!D:D="rhistory"))>0,1,0) -> 0 | K13: =IF(SUMPRODUCT(('alle Dateien'!B:B=Bohrungen!B13)*('alle Dateien'!D:D="mdb"))>0,1,0) -> 0 | L13: =IF(SUMPRODUCT(('alle Dateien'!B:B=Bohrungen!B13)*('alle Dateien'!D:D="xml"))>0,1,0) -> 0 | M13: =IF(SUMPRODUCT(('alle Dateien'!B:B=Bohrungen!B13)*('alle Dateien'!D:D="jpg"))>0,1,0) -> 0 | N13: =IF(SUMPRODUCT(('alle Dateien'!B:B=Bohrungen!B13)*('alle Dateien'!D:D="png"))>0,1,0) -> 0 | O13: =IF(SUMPRODUCT(('alle Dateien'!B:B=Bohrungen!B13)*('alle Dateien'!D:D="xls"))>0,1,0) -> 0 | P13: =IF(SUMPRODUCT(('alle Dateien'!B:B=Bohrungen!B13)*('alle Dateien'!D:D="txt"))>0,1,0) -> 0 | Q13: =IF(SUMPRODUCT(('alle Dateien'!B:B=Bohrungen!B13)*('alle Dateien'!D:D="ZIP oder R"))>0,1,0) -> 0 | R13: =IF(SUMPRODUCT(('alle Dateien'!B:B=Bohrungen!B13)*('alle Dateien'!D:D="tsf"))>0,1,0) -> 0 | S13: =IF(SUMPRODUCT(('alle Dateien'!B:B=Bohrungen!B13)*('alle Dateien'!D:D="sch"))>0,1,0) -> 0 | U13: =CONCATENATE(C13,D13,E13,F13,G13,H13,I13,J13,K13,L13,M13,N13,O13,P13,Q13,R13,S13,) -> 00110100000000000 | V13: =VLOOKUP(U13,Kategorie!B:C,2,FALSE) -> sdg/ xlsx/ las
... A188: 187 | B188: Zoppoten_3_1964 | C188: =IF(SUMPRODUCT(('alle Dateien'!B:B=Bohrungen!B188)*('alle Dateien'!D:D="pdf"))>0,1,0) -> 0 | D188: =IF(SUMPRODUCT(('alle Dateien'!B:B=Bohrungen!B188)*('alle Dateien'!D:D="tif"))>0,1,0) -> 0 | E188: =IF(SUMPRODUCT(('alle Dateien'!B:B=Bohrungen!B188)*('alle Dateien'!D:D="sdg"))>0,1,0) -> 1 | F188: =IF(SUMPRODUCT(('alle Dateien'!B:B=Bohrungen!B188)*('alle Dateien'!D:D="xlsx"))>0,1,0) -> 1 | G188: =IF(SUMPRODUCT(('alle Dateien'!B:B=Bohrungen!B188)*('alle Dateien'!D:D="docx"))>0,1,0) -> 0 | H188: =IF(SUMPRODUCT(('alle Dateien'!B:B=Bohrungen!B188)*('alle Dateien'!D:D="las"))>0,1,0) -> 1 | I188: =IF(SUMPRODUCT(('alle Dateien'!B:B=Bohrungen!B188)*('alle Dateien'!D:D="db"))>0,1,0) -> 0 | J188: =IF(SUMPRODUCT(('alle Dateien'!B:B=Bohrungen!B188)*('alle Dateien'!D:D="rhistory"))>0,1,0) -> 0 | K188: =IF(SUMPRODUCT(('alle Dateien'!B:B=Bohrungen!B188)*('alle Dateien'!D:D="mdb"))>0,1,0) -> 0 | L188: =IF(SUMPRODUCT(('alle Dateien'!B:B=Bohrungen!B188)*('alle Dateien'!D:D="xml"))>0,1,0) -> 0 | M188: =IF(SUMPRODUCT(('alle Dateien'!B:B=Bohrungen!B188)*('alle Dateien'!D:D="jpg"))>0,1,0) -> 0 | N188: =IF(SUMPRODUCT(('alle Dateien'!B:B=Bohrungen!B188)*('alle Dateien'!D:D="png"))>0,1,0) -> 0 | O188: =IF(SUMPRODUCT(('alle Dateien'!B:B=Bohrungen!B188)*('alle Dateien'!D:D="xls"))>0,1,0) -> 0 | P188: =IF(SUMPRODUCT(('alle Dateien'!B:B=Bohrungen!B188)*('alle Dateien'!D:D="txt"))>0,1,0) -> 0 | Q188: =IF(SUMPRODUCT(('alle Dateien'!B:B=Bohrungen!B188)*('alle Dateien'!D:D="ZIP oder R"))>0,1,0) -> 0 | R188: =IF(SUMPRODUCT(('alle Dateien'!B:B=Bohrungen!B188)*('alle Dateien'!D:D="tsf"))>0,1,0) -> 0 | S188: =IF(SUMPRODUCT(('alle Dateien'!B:B=Bohrungen!B188)*('alle Dateien'!D:D="sch"))>0,1,0) -> 0 | U188: =CONCATENATE(C188,D188,E188,F188,G188,H188,I188,J188,K188,L188,M188,N188,O188,P188,Q188,R188,S188,) -> 00110100000000000 | V188: =VLOOKUP(U188,Kategorie!B:C,2,FALSE) -> sdg/ xlsx/ las

Sheet Geo_Koordinaten
A1: ID | B1: Bohrungen | C1: E_EPSG31468 | D1: N_EPSG31468
A2: 1 | B2: Allmenhausen_10_1960 | C2: 4415490 | D2: 5675848.4
A3: 2 | B3: Allmenhausen_11_1960 | C3: 4407839.3 | D3: 5679498.9
A4: 3 | B4: Allmenhausen_2_1959 | C4: 4411971.7 | D4: 5676242.2
A5: 4 | B5: Allmenhausen_32_1968 | C5: 4410119.8 | D5: 5677194.8
A6: 5 | B6: Allmenhausen_33_1968 | C6: 4410449.1 | D6: 5677385.9
A7: 6 | B7: Allmenhausen_34_1969 | C7: 4410942.4 | D7: 5677743
A8: 7 | B8: Allmenhausen_35_1969 | C8: 4410185.4 | D8: 5677862.9
A9: 8 | B9: Allmenhausen_4_1959 | C9: 4411316.2 | D9: 5680498.3
A10: 9 | B10: Allmenhausen_5_1962 | C10: 4414062.1 | D10: 5674935.2
A11: 10 | B11: Allmenhausen_6_1960 | C11: 4412526.7 | D11: 5677148.5
A12: 11 | B12: Allmenhausen_8_1960 | C12: 4410370.9 | D12: 5678783.6
A13: 12 | B13: Altengottern_102E_1958 | C13: 4399687.1 | D13: 5673102.7
... A73: 72 | B73: Hainich_Hallungen_1_1962 | C73: 4381905 | D73: 5668533.9
A74: 73 | B74: Hainich_Region
A75: 74 | B75: Hainleite_1_1963 | C75: 4425463.9 | D75: 5689057.9
A76: 75 | B76: Haussömmern_1_1970 | C76: 4419570.6 | D76: 5670916.6
A77: 76 | B77: Hohenwart_3_1967 | C77: 4364949.2 | D77: 5627334.9
A78: 77 | B78: Holzsußra_2_1970 | C78: 4407898 | D78: 5685198.2
A79: 78 | B79: Holzthaleben_2_1969 | C79: 4402868.7 | D79: 5689303.1
A80: 79 | B80: Holzthaleben_3_1970 | C80: 4403351.9 | D80: 5690008.8
A81: 80 | B81: Holzthaleben_4_1970 | C81: 4404306.4 | D81: 5690367
A82: 81 | B82: Holzthaleben_5_1971 | C82: 4406226.6 | D82: 5691376.4
A83: 82 | B83: Ilfeld_1_1991 | C83: 4416254.2 | D83: 5716137
A84: 83 | B84: Jena_Z_103_1963 | C84: 4458846.6 | D84: 5656519.4
A85: 84 | B85: Jena_Z_104_1962 | C85: 4476812.6 | D85: 5657389.5
A86: 85 | B86: Kalbsrieth_5_1986 | C86: 4455281.3 | D86: 5690669.8
... A117: 116 | B117: Kuellstedt_2_1966 | C117: 4376471.4 | D117: 5684737.6
A118: 117 | B118: Küllstedt_Region
A119: 118 | B119: Langensalza_109_1959 | C119: 4411504.3 | D119: 5665712.8
A120: 119 | B120: Langensalza_110_1961 | C120: 4409819.4 | D120: 5666110.9
A121: 120 | B121: Langensalza_112_1961 | C121: 4409749.4 | D121: 5667207.5
A122: 121 | B122: Langensalza_114_1965 | C122: 4410459.6 | D122: 5666804.5
A123: 122 | B123: Langensalza_14_1961 | C123: 4408731.1 | D123: 5668526.2
A124: 123 | B124: Langensalza_18_1958 | C124: 4406132.2 | D124: 5670642.3
A125: 124 | B125: Langensalza_35_1970 | C125: 4410553 | D125: 5665310.8
A126: 125 | B126: Langensalza_36_1970 | C126: 4411469.5 | D126: 5665143.5
A127: 126 | B127: Lenders_1_1964 | C127: 4363304.3 | D127: 5621430.5
A128: 127 | B128: Mariengart_3_1961 | C128: 4361560.3 | D128: 5626866.3
A129: 128 | B129: Markvippach_2_1973 | C129: 4444744.2 | D129: 5659855.3
A130: 129 | B130: Martinroda_1_1988 | C130: 4364330.5 | D130: 5632375.6
... A146: 145 | B146: Nohra_16_1978 | C146: 4410735.8 | D146: 5698224.6
A147: 146 | B147: Nohra_Elende_Region
A148: 147 | B148: Oberhof_1_1962 | C148: 4408553.2 | D148: 5622025.2
A149: 148 | B149: Obermehler_Saalfeld_Urbach_Region
A150: 149 | B150: Oechsen_3_1962 | C150: 4363554 | D150: 5623413.9
A151: 150 | B151: Ohmgebirge_1_1961 | C151: 4382116.1 | D151: 5697798.8
A152: 151 | B152: Ponitz_1_1960 | C152: 4529649.5 | D152: 5636232
A153: 152 | B153: Ramsla_3_1973 | C153: 4453876 | D153: 5654617
A154: 153 | B154: Ramsla_4_1974 | C154: 4448775.3 | D154: 5658391.7
A155: 154 | B155: Rentwertshausen_1_1965 | C155: 4393768.8 | D155: 5593079.5
A156: 155 | B156: Rockensussra_2_1983 | C156: 4408893.3 | D156: 5682075.3
A157: 156 | B157: Rockensussra_4_1969 | C157: 4408988 | D157: 5682958
A158: 157 | B158: Rockensussra_5_1969 | C158: 4409160.2 | D158: 5683434.2
A159: 158 | B159: Rockensussra_6_1969 | C159: 4408463.8 | D159: 5682159.7
A160: 159 | B160: Rockensussra_8_1970 | C160: 4409585 | D160: 5681999
A161: 160 | B161: Roldisleben_1_1962 | C161: 4453973.1 | D161: 5671143
... A170: 169 | B170: Straussfurt_8_1970 | C170: 4428991.2 | D170: 5671561.5
A171: 170 | B171: Straussfurt_Roldisleben_Region
A172: 171 | B172: Straussfurt_S4_1965 | C172: 4428226.9 | D172: 5672499.8
A173: 172 | B173: Straussfurt_T2_1963 | C173: 4429835.3 | D173: 5671174
A174: 173 | B174: Struth_Heimersdorf_1_1962 | C174: 4396762.5 | D174: 5623470.8
A175: 174 | B175: Tennstedt_1_1969 | C175: 4417218.9 | D175: 5669625.1
A176: 175 | B176: Tennstedt_2_1970 | C176: 4417308.2 | D176: 5669285.7
A177: 176 | B177: Themar_1_1963 | C177: 4405009.7 | D177: 5597323.5
A178: 177 | B178: Thueringen_Sued_1_1963 | C178: 4398404.7 | D178: 5595329.6
A179: 178 | B179: Thüringen_Nord_Region
A180: 179 | B180: Wattensattel_1_1962 | C180: 4398401.6 | D180: 5690263
A181: 180 | B181: Weimar_2_1971 | C181: 4446937.5 | D181: 5652233.3
A182: 181 | B182: Wiegleben_3_1963 | C182: 4398647.3 | D182: 5659706.2
A183: 182 | B183: Wiesenthal_2_1963 | C183: 4371941.5 | D183: 5618980.7
A184: 183 | B184: Wipfra_2_1963 | C184: 4425849.1 | D184: 5620667.6
A185: 184 | B185: Zeitz_5_1965 | C185: 4499494.4 | D185: 5659647.6
A186: 185 | B186: Zella_Mehlis_1_1964 | C186: 4408004.6 | D186: 5616842
A187: 186 | B187: Ziegenrueck_1_1964 | C187: 4475767.4 | D187: 5608475.3
A188: 187 | B188: Zoppoten_3_1964 | C188: 4477417.9 | D188: 5595879

Sheet Kategorie
A1: ID | B1: Code | C1: Kategorie
A2: 1 | B2: 11000000000000000 | C2: pdf/ tif
A3: 2 | B3: 10000000000000000 | C3: pdf
A4: 3 | B4: 11111110000000000 | C4: pdf/ tif/ sdg/ xlsx/ docx/ las/ db
A5: 4 | B5: 10110101000000000 | C5: pdf/ sdg/ xlsx/ las/ rhistory
A6: 5 | B6: 00110100000000000 | C6: sdg/ xlsx/ las
A7: 6 | B7: 10110100110000000 | C7: pdf/ sdg/ xlsx/ las/ mdb/ xml
A8: 7 | B8: 10110100000000000 | C8: pdf/ sdg/ xlsx/ las
A9: 8 | B9: 10110000001100000 | C9: pdf/ sdg/ xlsx/ jpg/ png
A10: 9 | B10: 10110100000000100 | C10: pdf/ sdg/ xlsx/ las/ ZIP oder R
A11: 10 | B11: 10110100001010100 | C11: pdf/ sdg/ xlsx/ las/ jpg/ xls/ ZIP oder R
A12: 11 | B12: 01000000000000000 | C12: tif
A13: 12 | B13: 10110000000000000 | C13: pdf/ sdg/ xlsx
... A24: 23 | B24: 10110101001001100 | C24: pdf/ sdg/ xlsx/ las/ rhistory/ jpg/ txt/ ZIP oder R

Sheet Zusammenführung
A1: ID | B1: Bohrungen | C1: E_EPSG31468 | D1: N_EPSG31468 | E1: Kategorie_ID | F1: Teufe mrs smV1 von | G1: Teufe mrs smV1 bis | H1: Teufe mfs V1 bis
A2: 1 | B2: Allmenhausen_10_1960 | C2: 4415490 | D2: 5675848.4 | E2: pdf/ tif
A3: 2 | B3: Allmenhausen_11_1960 | C3: 4407839.3 | D3: 5679498.9 | E3: pdf
A4: 3 | B4: Allmenhausen_2_1959 | C4: 4411971.7 | D4: 5676242.2 | E4: pdf
A5: 4 | B5: Allmenhausen_32_1968 | C5: 4410119.8 | D5: 5677194.8 | E5: pdf | F5: 505 | G5: 528 | H5: 539
A6: 5 | B6: Allmenhausen_33_1968 | C6: 4410449.1 | D6: 5677385.9 | E6: pdf | F6: 559 | G6: 565 | H6: 570
A7: 6 | B7: Allmenhausen_34_1969 | C7: 4410942.4 | D7: 5677743 | E7: pdf | F7: 604 | G7: 612 | H7: 639
A8: 7 | B8: Allmenhausen_35_1969 | C8: 4410185.4 | D8: 5677862.9 | E8: pdf/ tif/ sdg/ xlsx/ docx/ las/ db | F8: 579.5 | G8: 586.7 | H8: 595.2
A9: 8 | B9: Allmenhausen_4_1959 | C9: 4411316.2 | D9: 5680498.3 | E9: pdf
A10: 9 | B10: Allmenhausen_5_1962 | C10: 4414062.1 | D10: 5674935.2 | E10: pdf/ sdg/ xlsx/ las/ rhistory | F10: 569.3 | G10: 576 | H10: 582.6
A11: 10 | B11: Allmenhausen_6_1960 | C11: 4412526.7 | D11: 5677148.5 | E11: pdf
A12: 11 | B12: Allmenhausen_8_1960 | C12: 4410370.9 | D12: 5678783.6 | E12: pdf
A13: 12 | B13: Altengottern_102E_1958 | C13: 4399687.1 | D13: 5673102.7 | E13: sdg/ xlsx/ las
A14: 13 | B14: Altengottern_1_1958 | C14: 4399547.4 | D14: 5671479.8 | E14: pdf/ tif
A15: 14 | B15: Altengottern_2_1965 | C15: 4393738.4 | D15: 5670811.3 | E15: sdg/ xlsx/ las | F15: 747.7 | G15: 757.5 | H15: 768.9
A16: 15 | B16: Altengottern_3_1987 | C16: 4399370.1 | D16: 5671898.8 | E16: pdf/ sdg/ xlsx/ las/ mdb/ xml | F16: 840.2 | G16: 841.5 | H16: 853.9
A17: 16 | B17: Apolda_1_1965 | C17: 4466436.2 | D17: 5655896.1 | E17: sdg/ xlsx/ las
A18: 17 | B18: Auma_1_1961 | C18: 4494787.8 | D18: 5618778.5 | E18: sdg/ xlsx/ las
A19: 18 | B19: Bad_Colberg_1_1974 | C19: 4414720.8 | D19: 5571710.1 | E19: pdf/ sdg/ xlsx/ las
A20: 19 | B20: Ballstedt_1_1963 | C20: 4446653 | D20: 5658621 | E20: pdf/ sdg/ xlsx/ jpg/ png | F20: 744.3 | G20: 753.1 | H20: 757.8
A21: 20 | B21: Behringen_10_1964 | C21: 4400240.6 | D21: 5652723.6 | E21: pdf | F21: 582 | G21: 590 | H21: 602
A22: 21 | B22: Behringen_11_1964 | C22: 4397909.3 | D22: 5653419.5 | E22: pdf | F22: 597 | G22: 604 | H22: 613
A23: 22 | B23: Behringen_12_1964 | C23: 4399141.2 | D23: 5654773.4 | E23: pdf | F23: 546 | G23: 553 | H23: 558
A24: 23 | B24: Behringen_13_1964 | C24: 4402205.8 | D24: 5652925.7 | E24: pdf | F24: 657 | G24: 660 | H24: 668
A25: 24 | B25: Behringen_1_1962 | C25: 4397513.3 | D25: 5654774.6 | E25: pdf/ sdg/ xlsx/ las/ ZIP oder R
A26: 25 | B26: Behringen_2_1963 | C26: 4396802.5 | D26: 5653897.8 | E26: pdf | F26: 613 | G26: 625 | H26: 633
A27: 26 | B27: Behringen_3_1963 | C27: 4400040.3 | D27: 5653971.1 | E27: pdf | F27: 538 | G27: 546 | H27: 552
A28: 27 | B28: Behringen_4_1963 | C28: 4396273.6 | D28: 5655048.5 | E28: pdf
A29: 28 | B29: Behringen_5_1963 | C29: 4398273.4 | D29: 5655676.9 | E29: pdf/ sdg/ xlsx/ las | F29: 617.5 | G29: 620.4 | H29: 628.6
A30: 29 | B30: Behringen_8_1963 | C30: 4401188.2 | D30: 5653492 | E30: pdf | F30: 576 | G30: 578 | H30: 584
A31: 30 | B31: Behringen_9_1964 | C31: 4397216.5 | D31: 5656020.8 | E31: pdf/ sdg/ xlsx/ las/ jpg/ xls/ ZIP oder R | F31: 716.9 | G31: 724.8 | H31: 732.3
A32: 31 | B32: Berka_1_1939 | C32: 4425540 | D32: 5691350 | E32: pdf
A33: 32 | B33: Berka_3_1962 | C33: 4423576.3 | D33: 5688775.8 | E33: tif
A34: 33 | B34: Beulwitz_12_1962 | C34: 4452510 | D34: 5612901.1 | E34: sdg/ xlsx/ las
A35: 34 | B35: Birkenfelde_1_1961 | C35: 4362011.3 | D35: 5691689.4 | E35: pdf/ sdg/ xlsx | F35: 156.5 | G35: 163.4 | H35: 185.8
A36: 35 | B36: Birkenhügel_1A_1987 | C36: 4479579.4 | D36: 5588753.4 | E36: sdg/ xlsx/ las
A37: 36 | B37: Buttelstedt_1_1963 | C37: 4458782.5 | D37: 5660101.7 | E37: pdf/ tif | F37: 677 | G37: 683 | H37: 710
A38: 37 | B38: Buttelstedt_2_1963 | C38: 4453936.2 | D38: 5659434.6 | E38: pdf/ jpg | F38: 772 | G38: 775 | H38: 783
A39: 38 | B39: Buttelstedt_3_1974 | C39: 4456224 | D39: 5662381.6 | E39: pdf/ tif/ sdg/ xlsx/ docx/ las | F39: 745.4 | G39: 763.4 | H39: 778.5
A40: 39 | B40: Buttstädt_2_1964 | C40: 4458982.2 | D40: 5664557.3 | E40: pdf/ jpg | F40: 788 | G40: 790 | H40: 820
A41: 40 | B41: Buttstädt_3_1973 | C41: 4459104.5 | D41: 5666396.1 | E41: pdf/ tif/ jpg | F41: 774 | G41: 783 | H41: 787
A42: 41 | B42: Buttstädt_4_1973 | C42: 4455920.2 | D42: 5666309.1 | E42: pdf/ tif/ jpg
A43: 42 | B43: Buttstädt_5_1974 | C43: 4461195.2 | D43: 5666374.6 | E43: pdf/ sdg/ xlsx/ las
A44: 43 | B44: Buttstädt_6_1974 | C44: 4457356.2 | D44: 5667469.7 | E44: pdf/ tif/ sdg/ xlsx/ docx/ las | F44: 739.1 | G44: 760.7 | H44: 768.1
A45: 44 | B45: Buttstädt_7_1974 | C45: 4455375.6 | D45: 5668458.9 | E45: pdf/ tif/ sdg/ xlsx/ docx/ las | F45: 723.7 | G45: 740.4 | H45: 757
A46: 45 | B46: Creuzburg_1_1966 | C46: 4379810 | D46: 5657988.6 | E46: pdf/ sdg/ xlsx/ las | F46: 483.1 | G46: 499.1 | H46: 505.6
A47: 46 | B47: Creuzburg_2_1967 | C47: 4382608.6 | D47: 5657654.7 | E47: pdf | F47: 487 | G47: 491 | H47: 495
A48: 47 | B48: Deicheroda_1_1963 | C48: 4360277.1 | D48: 5627655.7 | E48: pdf | F48: 309 | G48: 313 | H48: 317
A49: 48 | B49: Doehlau_1_1963 | C49: 4432660.2 | D49: 5581707.1 | E49: sdg/ xlsx/ las
A50: 49 | B50: Doehlau_2_1964 | C50: 4433034.4 | D50: 5582727.4 | E50: sdg/ xlsx/ las
A51: 50 | B51: Dreisbach_1_1963 | C51: 4404875.1 | D51: 5606580.4 | E51: sdg/ xlsx/ las | F51: 396.5 | G51: 398.9 | H51: 405.8
A52: 51 | B52: Elende_12_1977 | C52: 4407533.8 | D52: 5701710 | E52: pdf/ tif
A53: 52 | B53: Erfurt_1_2013 | C53: 4432701 | D53: 5654500 | E53: pdf/ sdg/ xlsx/ docx/ jpg/ xls/ txt/ ZIP oder R | F53: 911.1 | G53: 913 | H53: 916.1
A54: 53 | B54: Ettersberg_4_1962 | C54: 4448150.3 | D54: 5654874.5 | E54: pdf/ sdg/ xlsx/ las | F54: 575.9 | G54: 579.9 | H54: 603
A55: 54 | B55: Ettersberg_5_1962 | C55: 4447764.8 | D55: 5653848.1 | E55: pdf/ tif | F55: 573 | G55: 590 | H55: 600
A56: 55 | B56: Ettersberg_6_1962 | C56: 4447272.2 | D56: 5652635.4 | E56: pdf/ tif/ jpg | F56: 538 | G56: 542 | H56: 546
A57: 56 | B57: Ettersberg_7_1963 | C57: 4455209.6 | D57: 5653473.4 | E57: pdf/ jpg | F57: 615 | G57: 618 | H57: 624
A58: 57 | B58: FahnerHöhe_13_1963 | C58: 4415997.7 | D58: 5656150.7 | E58: xlsx
A59: 58 | B59: Frauenpriebnitz_1_1966 | C59: 4478795 | D59: 5646270.8 | E59: pdf
A60: 59 | B60: Gotha_1_1963 | C60: 4408179.3 | D60: 5642181.9 | E60: pdf/ sdg/ xlsx/ las | F60: 547.6 | G60: 562.3 | H60: 568.3
A61: 60 | B61: Gotha_2_1963 | C61: 4409458 | D61: 5642593.4 | E61: pdf | F61: 595 | G61: 601 | H61: 609
A62: 61 | B62: Griefstedt_Region | C62: 4440032.9 | D62: 5677432.2 | E62: pdf
A63: 62 | B63: Grossbrembach_1_1973 | C63: 4451821.8 | D63: 5664811 | E63: pdf/ tif | F63: 777 | G63: 795 | H63: 810
A64: 63 | B64: Großbrembach_3_1973 | C64: 4455446.6 | D64: 5664238.1 | E64: pdf
A65: 64 | B65: Gumperda_1_1963 | C65: 4463771.7 | D65: 5630407 | E65: sdg/ xlsx/ las
A66: 65 | B66: Günthersleben_1_1964 | C66: 4412860.3 | D66: 5643371.3 | E66: pdf | F66: 740 | G66: 750 | H66: 762
A67: 66 | B67: Hachelbich_1_1959 | C67: 4428869.1 | D67: 5690723.6 | E67: pdf/ jpg
A68: 67 | B68: Hachelbich_3_1989 | C68: 4428186.1 | D68: 5689643.8 | E68: tif/ sdg/ xlsx/ docx/ las/ db | F68: 281 | G68: 305.5 | H68: 374.2
A69: 68 | B69: Hainich_Eigenrieden_1_1961 | C69: 4382091.3 | D69: 5676845.8 | E69: pdf/ sdg/ xlsx/ las | F69: 366.5 | G69: 375.9 | H69: 392
A70: 69 | B70: Hainich_Eigenrieden_2_1961 | C70: 4380897.6 | D70: 5678133.2 | E70: pdf/ sdg/ xlsx/ las | F70: 388.5 | G70: 396.5 | H70: 406.9
A71: 70 | B71: Hainich_Eigenrieden_3_1962 | C71: 4380601.2 | D71: 5676065.3 | E71: pdf
A72: 71 | B72: Hainich_Eigenrieden_4_1962 | C72: 4379049.8 | D72: 5678751.9 | E72: pdf | F72: 372 | G72: 375 | H72: 380
A73: 72 | B73: Hainich_Hallungen_1_1962 | C73: 4381905 | D73: 5668533.9 | E73: pdf
A74: 73 | B74: Hainich_Region | E74: pdf
A75: 74 | B75: Hainleite_1_1963 | C75: 4425463.9 | D75: 5689057.9 | E75: pdf/ sdg/ xlsx/ las | F75: 468.2 | G75: 478.3 | H75: 489.5
A76: 75 | B76: Haussömmern_1_1970 | C76: 4419570.6 | D76: 5670916.6 | E76: pdf/ jpg | F76: 600 | G76: 605 | H76: 613
A77: 76 | B77: Hohenwart_3_1967 | C77: 4364949.2 | D77: 5627334.9 | E77: pdf/ sdg/ xlsx/ las | F77: 369.8 | G77: 374.2 | H77: 392.9
A78: 77 | B78: Holzsußra_2_1970 | C78: 4407898 | D78: 5685198.2 | E78: pdf | F78: 610 | G78: 613 | H78: 622
A79: 78 | B79: Holzthaleben_2_1969 | C79: 4402868.7 | D79: 5689303.1 | E79: pdf | F79: 533 | G79: 544 | H79: 557
A80: 79 | B80: Holzthaleben_3_1970 | C80: 4403351.9 | D80: 5690008.8 | E80: pdf | F80: 520 | G80: 528 | H80: 547
A81: 80 | B81: Holzthaleben_4_1970 | C81: 4404306.4 | D81: 5690367 | E81: pdf/ tif/ sdg/ xlsx/ docx/ las | F81: 535.2 | G81: 546.1 | H81: 563.5
A82: 81 | B82: Holzthaleben_5_1971 | C82: 4406226.6 | D82: 5691376.4 | E82: pdf/ sdg/ xlsx/ las | F82: 505.6 | G82: 513.6 | H82: 515.5
A83: 82 | B83: Ilfeld_1_1991 | C83: 4416254.2 | D83: 5716137 | E83: sdg/ xlsx/ las
A84: 83 | B84: Jena_Z_103_1963 | C84: 4458846.6 | D84: 5656519.4 | E84: pdf | F84: 643 | G84: 654 | H84: 666
A85: 84 | B85: Jena_Z_104_1962 | C85: 4476812.6 | D85: 5657389.5 | E85: sdg/ xlsx/ las | F85: 542.9 | G85: 547.1 | H85: 555.9
A86: 85 | B86: Kalbsrieth_5_1986 | C86: 4455281.3 | D86: 5690669.8 | E86: tif/ sdg/ xlsx/ docx/ las/ db
A87: 86 | B87: Keula_2_1961 | C87: 4396365.8 | D87: 5687250.9 | E87: pdf
A88: 87 | B88: Keula_3_1962 | C88: 4397984.3 | D88: 5687087.6 | E88: pdf | F88: 412 | G88: 415 | H88: 430
A89: 88 | B89: Keula_4_1961 | C89: 4396420.6 | D89: 5688058.6 | E89: pdf | F89: 371 | G89: 376 | H89: 384
A90: 89 | B90: Kirchheilingen_10_1960 | C90: 4407153.9 | D90: 5675860.4 | E90: pdf/ sdg/ xlsx/ las
A91: 90 | B91: Kirchheilingen_14_1960 | C91: 4412813.1 | D91: 5673346.8 | E91: pdf
A92: 91 | B92: Kirchheilingen_15_1960 | C92: 4412088.6 | D92: 5672293.1 | E92: pdf
A93: 92 | B93: Kirchheilingen_20_1960 | C93: 4405252.7 | D93: 5677194.6 | E93: sdg/ xlsx/ las
A94: 93 | B94: Kirchheilingen_21_1960 | C94: 4408170.9 | D94: 5674603.6 | E94: pdf/ sdg/ xlsx/ las
A95: 94 | B95: Kirchheilingen_23_1960 | C95: 4411141.7 | D95: 5673001.1 | E95: pdf/ sdg/ xlsx/ las
A96: 95 | B96: Kirchheilingen_2_1960 | C96: 4410582.3 | D96: 5674918.8 | E96: pdf
A97: 96 | B97: Kirchheilingen_35_1961 | C97: 4413674.7 | D97: 5672559.8 | E97: pdf | F97: 599 | G97: 603 | H97: 613
A98: 97 | B98: Kirchheilingen_36_1961 | C98: 4407529.7 | D98: 5674411.2 | E98: pdf
A99: 98 | B99: Kirchheilingen_4_1959 | C99: 4407448.2 | D99: 5676689.6 | E99: pdf
A100: 99 | B100: Kirchheilingen_5_1960 | C100: 4409839.7 | D100: 5676763 | E100: pdf
...

Sheet Zusammenführung gefiltert
A1: ID | B1: Bohrungen | C1: E_EPSG31468 | D1: N_EPSG31468 | E1: Kategorie_ID | F1: Teufe mrs smV1 von | G1: Teufe mrs smV1 bis | H1: Teufe mfs V1 bis
A2: 4 | B2: Allmenhausen_32_1968 | C2: 4410119.8 | D2: 5677194.8 | E2: pdf | F2: 505 | G2: 528 | H2: 539
A3: 5 | B3: Allmenhausen_33_1968 | C3: 4410449.1 | D3: 5677385.9 | E3: pdf | F3: 559 | G3: 565 | H3: 570
A4: 6 | B4: Allmenhausen_34_1969 | C4: 4410942.4 | D4: 5677743 | E4: pdf | F4: 604 | G4: 612 | H4: 639
A5: 7 | B5: Allmenhausen_35_1969 | C5: 4410185.4 | D5: 5677862.9 | E5: pdf/ tif/ sdg/ xlsx/ docx/ las/ db | F5: 579.5 | G5: 586.7 | H5: 595.2
A6: 9 | B6: Allmenhausen_5_1962 | C6: 4414062.1 | D6: 5674935.2 | E6: pdf/ sdg/ xlsx/ las/ rhistory | F6: 569.3 | G6: 576 | H6: 582.6
A7: 14 | B7: Altengottern_2_1965 | C7: 4393738.4 | D7: 5670811.3 | E7: sdg/ xlsx/ las | F7: 747.7 | G7: 757.5 | H7: 768.9
A8: 15 | B8: Altengottern_3_1987 | C8: 4399370.1 | D8: 5671898.8 | E8: pdf/ sdg/ xlsx/ las/ mdb/ xml | F8: 840.2 | G8: 841.5 | H8: 853.9
A9: 19 | B9: Ballstedt_1_1963 | C9: 4446653 | D9: 5658621 | E9: pdf/ sdg/ xlsx/ jpg/ png | F9: 744.3 | G9: 753.1 | H9: 757.8
A10: 20 | B10: Behringen_10_1964 | C10: 4400240.6 | D10: 5652723.6 | E10: pdf | F10: 582 | G10: 590 | H10: 602
A11: 21 | B11: Behringen_11_1964 | C11: 4397909.3 | D11: 5653419.5 | E11: pdf | F11: 597 | G11: 604 | H11: 613
A12: 22 | B12: Behringen_12_1964 | C12: 4399141.2 | D12: 5654773.4 | E12: pdf | F12: 546 | G12: 553 | H12: 558
A13: 23 | B13: Behringen_13_1964 | C13: 4402205.8 | D13: 5652925.7 | E13: pdf | F13: 657 | G13: 660 | H13: 668
... A113: 183 | B113: Wipfra_2_1963 | C113: 4425849.1 | D113: 5620667.6 | E113: sdg/ xlsx/ las | F113: 101.6 | G113: 115 | H113: 124.4
